,disease_pair,correct_node,negative_samples,disease_1,disease_2,options_combined,text,disease_1_id,disease_2_id
0,"('psoriasis', ""Takayasu's arteritis"")",HLA-B,"SHTN1, DTNB, BTBD9, SLC14A2",psoriasis,Takayasu's arteritis,"SHTN1, HLA-B,  SLC14A2,  BTBD9,  DTNB","Out of the given list, which Gene is associated with psoriasis and Takayasu's arteritis. Given list is: SHTN1, HLA-B,  SLC14A2,  BTBD9,  DTNB",DOID:8893,DOID:2508
1,"('psoriasis', 'myelodysplastic syndrome')",HLA-B,"GCKR, PKNOX2, NOD2, CHEK2",psoriasis,myelodysplastic syndrome," NOD2,  CHEK2, HLA-B, GCKR,  PKNOX2","Out of the given list, which Gene is associated with psoriasis and myelodysplastic syndrome. Given list is:  NOD2,  CHEK2, HLA-B, GCKR,  PKNOX2",DOID:8893,DOID:0050908
2,"('psoriasis', 'herpes zoster')",HLA-B,"KITLG, PLA2G6, SCN1A, MIF",psoriasis,herpes zoster," MIF, HLA-B,  PLA2G6,  SCN1A, KITLG","Out of the given list, which Gene is associated with psoriasis and herpes zoster. Given list is:  MIF, HLA-B,  PLA2G6,  SCN1A, KITLG",DOID:8893,DOID:8536
3,"('psoriasis', 'allergic rhinitis')",HLA-B,"FADS1, ATP2B1, TERT, STAT4",psoriasis,allergic rhinitis," ATP2B1, HLA-B,  STAT4,  TERT, FADS1","Out of the given list, which Gene is associated with psoriasis and allergic rhinitis. Given list is:  ATP2B1, HLA-B,  STAT4,  TERT, FADS1",DOID:8893,DOID:4481
4,"('psoriasis', 'diffuse large B-cell lymphoma')",HLA-B,"XBP1, PTPRD, BRCA2, DMRT1",psoriasis,diffuse large B-cell lymphoma," PTPRD, XBP1,  BRCA2,  DMRT1, HLA-B","Out of the given list, which Gene is associated with psoriasis and diffuse large B-cell lymphoma. Given list is:  PTPRD, XBP1,  BRCA2,  DMRT1, HLA-B",DOID:8893,DOID:0050745
5,"('psoriasis', 'psoriatic arthritis')",HLA-B,"TNRC18, GRAMD1B, SFRP4, IGF2BP2",psoriasis,psoriatic arthritis," IGF2BP2,  GRAMD1B, TNRC18,  SFRP4, HLA-B","Out of the given list, which Gene is associated with psoriasis and psoriatic arthritis. Given list is:  IGF2BP2,  GRAMD1B, TNRC18,  SFRP4, HLA-B",DOID:8893,DOID:9008
6,"('membranous glomerulonephritis', 'autoimmune hepatitis')",HLA-DQA1,"IL2RA, BTC, RORA, RBFOX1",membranous glomerulonephritis,autoimmune hepatitis," RBFOX1,  RORA, IL2RA,  BTC, HLA-DQA1","Out of the given list, which Gene is associated with membranous glomerulonephritis and autoimmune hepatitis. Given list is:  RBFOX1,  RORA, IL2RA,  BTC, HLA-DQA1",DOID:10976,DOID:2048
7,"('membranous glomerulonephritis', 'immunoglobulin alpha deficiency')",HLA-DQA1,"TERT, ADH1B, IL2RA, TM6SF2",membranous glomerulonephritis,immunoglobulin alpha deficiency,"HLA-DQA1,  ADH1B,  TM6SF2, TERT,  IL2RA","Out of the given list, which Gene is associated with membranous glomerulonephritis and immunoglobulin alpha deficiency. Given list is: HLA-DQA1,  ADH1B,  TM6SF2, TERT,  IL2RA",DOID:10976,DOID:0060025
8,"('membranous glomerulonephritis', 'collagenous colitis')",HLA-DQA1,"ATXN2, RAD51B, STAT4, GNE",membranous glomerulonephritis,collagenous colitis,"HLA-DQA1,  STAT4, ATXN2,  GNE,  RAD51B","Out of the given list, which Gene is associated with membranous glomerulonephritis and collagenous colitis. Given list is: HLA-DQA1,  STAT4, ATXN2,  GNE,  RAD51B",DOID:10976,DOID:0060183
9,"('membranous glomerulonephritis', 'cutaneous lupus erythematosus')",HLA-DQA1,"EPDR1, ZFHX3, CRTC1, HLA-DQA1",membranous glomerulonephritis,cutaneous lupus erythematosus," ZFHX3,  HLA-DQA1, EPDR1,  CRTC1, HLA-DQA1","Out of the given list, which Gene is associated with membranous glomerulonephritis and cutaneous lupus erythematosus. Given list is:  ZFHX3,  HLA-DQA1, EPDR1,  CRTC1, HLA-DQA1",DOID:10976,DOID:0050169
10,"('membranous glomerulonephritis', 'cervix carcinoma')",HLA-DQA1,"HLA-DQA1, PSCA, KALRN, HLA-DRB5",membranous glomerulonephritis,cervix carcinoma," PSCA, HLA-DQA1,  KALRN, HLA-DQA1,  HLA-DRB5","Out of the given list, which Gene is associated with membranous glomerulonephritis and cervix carcinoma. Given list is:  PSCA, HLA-DQA1,  KALRN, HLA-DQA1,  HLA-DRB5",DOID:10976,DOID:2893
11,"('periodontitis', 'primary angle-closure glaucoma')",EPDR1,"IL23R, PRNP, STN1, TYR",periodontitis,primary angle-closure glaucoma,"EPDR1,  TYR, IL23R,  STN1,  PRNP","Out of the given list, which Gene is associated with periodontitis and primary angle-closure glaucoma. Given list is: EPDR1,  TYR, IL23R,  STN1,  PRNP",DOID:824,DOID:1405
12,"(""Hodgkin's lymphoma"", ""Hodgkin's lymphoma, nodular sclerosis"")",GATA3,"SHTN1, XBP1, ERAP1, FTO",Hodgkin's lymphoma,"Hodgkin's lymphoma, nodular sclerosis","SHTN1,  ERAP1, GATA3,  XBP1,  FTO","Out of the given list, which Gene is associated with Hodgkin's lymphoma and Hodgkin's lymphoma, nodular sclerosis. Given list is: SHTN1,  ERAP1, GATA3,  XBP1,  FTO",DOID:8567,DOID:8838
13,"('limited scleroderma', 'allergic rhinitis')",TLR1,"WNT4, HLA-DPA1, DTNB, PSCA",limited scleroderma,allergic rhinitis,"TLR1, WNT4,  HLA-DPA1,  PSCA,  DTNB","Out of the given list, which Gene is associated with limited scleroderma and allergic rhinitis. Given list is: TLR1, WNT4,  HLA-DPA1,  PSCA,  DTNB",DOID:1577,DOID:4481
14,"('malaria', 'duodenal ulcer')",ABO,"HLA-DPA1, TP53, ADGRV1, GNE",malaria,duodenal ulcer," TP53, ABO, HLA-DPA1,  ADGRV1,  GNE","Out of the given list, which Gene is associated with malaria and duodenal ulcer. Given list is:  TP53, ABO, HLA-DPA1,  ADGRV1,  GNE",DOID:12365,DOID:1724
15,"('malaria', 'pancreatic carcinoma')",ABO,"TERT, JAK2, TNRC6B, HLA-DPA1",malaria,pancreatic carcinoma,"ABO,  HLA-DPA1,  TNRC6B,  JAK2, TERT","Out of the given list, which Gene is associated with malaria and pancreatic carcinoma. Given list is: ABO,  HLA-DPA1,  TNRC6B,  JAK2, TERT",DOID:12365,DOID:4905
16,"('focal epilepsy', 'epilepsy')",SCN1A,"DTNB, CPS1, ABCG2, LRMDA",focal epilepsy,epilepsy,"SCN1A,  ABCG2, DTNB,  LRMDA,  CPS1","Out of the given list, which Gene is associated with focal epilepsy and epilepsy. Given list is: SCN1A,  ABCG2, DTNB,  LRMDA,  CPS1",DOID:2234,DOID:1826
17,"('hypertrophic cardiomyopathy', 'dilated cardiomyopathy')",MYH7,"MST1, BRCA2, ZFPM2, HLA-B",hypertrophic cardiomyopathy,dilated cardiomyopathy," ZFPM2,  HLA-B,  BRCA2, MST1, MYH7","Out of the given list, which Gene is associated with hypertrophic cardiomyopathy and dilated cardiomyopathy. Given list is:  ZFPM2,  HLA-B,  BRCA2, MST1, MYH7",DOID:11984,DOID:12930
18,"('inflammatory bowel disease', 'ankylosing spondylitis')",IL23R,"HNF1B, HOXD3, TYR, TRAF3IP2",inflammatory bowel disease,ankylosing spondylitis," HOXD3, HNF1B,  TYR, IL23R,  TRAF3IP2","Out of the given list, which Gene is associated with inflammatory bowel disease and ankylosing spondylitis. Given list is:  HOXD3, HNF1B,  TYR, IL23R,  TRAF3IP2",DOID:0050589,DOID:7147
19,"('inflammatory bowel disease', 'ulcerative colitis')",IL23R,"TNFSF15, IL10, GATA3, HOXD3",inflammatory bowel disease,ulcerative colitis," GATA3,  IL10,  HOXD3, IL23R, TNFSF15","Out of the given list, which Gene is associated with inflammatory bowel disease and ulcerative colitis. Given list is:  GATA3,  IL10,  HOXD3, IL23R, TNFSF15",DOID:0050589,DOID:8577
20,"('inflammatory bowel disease', ""Crohn's disease"")",IL23R,"RORA, TNRC6B, ARMS2, MORC4",inflammatory bowel disease,Crohn's disease," TNRC6B,  ARMS2, RORA,  MORC4, IL23R","Out of the given list, which Gene is associated with inflammatory bowel disease and Crohn's disease. Given list is:  TNRC6B,  ARMS2, RORA,  MORC4, IL23R",DOID:0050589,DOID:8778
21,"('interstitial lung disease', 'triple-receptor negative breast cancer')",TERT,"PTK2B, FER, TERT, PCDH15",interstitial lung disease,triple-receptor negative breast cancer," TERT,  FER, TERT,  PCDH15, PTK2B","Out of the given list, which Gene is associated with interstitial lung disease and triple-receptor negative breast cancer. Given list is:  TERT,  FER, TERT,  PCDH15, PTK2B",DOID:3082,DOID:0060081
22,"('interstitial lung disease', 'idiopathic pulmonary fibrosis')",TERT,"ERAP1, RBFOX1, ATXN2, NANOS1",interstitial lung disease,idiopathic pulmonary fibrosis," ATXN2, ERAP1,  RBFOX1,  NANOS1, TERT","Out of the given list, which Gene is associated with interstitial lung disease and idiopathic pulmonary fibrosis. Given list is:  ATXN2, ERAP1,  RBFOX1,  NANOS1, TERT",DOID:3082,DOID:0050156
23,"('interstitial lung disease', 'myeloproliferative neoplasm')",TERT,"IL23R, ZFPM2, THADA, IL23R",interstitial lung disease,myeloproliferative neoplasm," ZFPM2,  IL23R, TERT,  THADA, IL23R","Out of the given list, which Gene is associated with interstitial lung disease and myeloproliferative neoplasm. Given list is:  ZFPM2,  IL23R, TERT,  THADA, IL23R",DOID:3082,DOID:2226
24,"('interstitial lung disease', 'central nervous system cancer')",TERT,"SLC14A2, FGFR2, HLA-DQA1, GTF2I",interstitial lung disease,central nervous system cancer," FGFR2, TERT,  HLA-DQA1,  GTF2I, SLC14A2","Out of the given list, which Gene is associated with interstitial lung disease and central nervous system cancer. Given list is:  FGFR2, TERT,  HLA-DQA1,  GTF2I, SLC14A2",DOID:3082,DOID:3620
25,"('interstitial lung disease', 'estrogen-receptor negative breast cancer')",TERT,"PRKAA1, SHTN1, CACNB2, ERAP1",interstitial lung disease,estrogen-receptor negative breast cancer,"TERT,  CACNB2,  ERAP1, PRKAA1,  SHTN1","Out of the given list, which Gene is associated with interstitial lung disease and estrogen-receptor negative breast cancer. Given list is: TERT,  CACNB2,  ERAP1, PRKAA1,  SHTN1",DOID:3082,DOID:0060076
26,"('interstitial lung disease', 'lung adenocarcinoma')",TERT,"SYT14, USHBP1, BARD1, CHST11",interstitial lung disease,lung adenocarcinoma," CHST11, SYT14, TERT,  BARD1,  USHBP1","Out of the given list, which Gene is associated with interstitial lung disease and lung adenocarcinoma. Given list is:  CHST11, SYT14, TERT,  BARD1,  USHBP1",DOID:3082,DOID:3910
27,"('interstitial lung disease', 'lung carcinoma')",TERT,"TFAP2B, BRCA2, BTN2A1, STAT3",interstitial lung disease,lung carcinoma," BTN2A1,  BRCA2,  STAT3, TERT, TFAP2B","Out of the given list, which Gene is associated with interstitial lung disease and lung carcinoma. Given list is:  BTN2A1,  BRCA2,  STAT3, TERT, TFAP2B",DOID:3082,DOID:3905
28,"('triple-receptor negative breast cancer', 'interstitial lung disease')",TERT,"YLPM1, FGFR2, AFAP1, ADGRG6",triple-receptor negative breast cancer,interstitial lung disease," ADGRG6,  FGFR2,  AFAP1, TERT, YLPM1","Out of the given list, which Gene is associated with triple-receptor negative breast cancer and interstitial lung disease. Given list is:  ADGRG6,  FGFR2,  AFAP1, TERT, YLPM1",DOID:0060081,DOID:3082
29,"('triple-receptor negative breast cancer', 'idiopathic pulmonary fibrosis')",TERT,"CRTC1, ULK4, ATG5, WNT10A",triple-receptor negative breast cancer,idiopathic pulmonary fibrosis,"CRTC1, TERT,  ATG5,  WNT10A,  ULK4","Out of the given list, which Gene is associated with triple-receptor negative breast cancer and idiopathic pulmonary fibrosis. Given list is: CRTC1, TERT,  ATG5,  WNT10A,  ULK4",DOID:0060081,DOID:0050156
30,"('triple-receptor negative breast cancer', 'myeloproliferative neoplasm')",TERT,"ADGRG6, ERAP1, ULK4, SNCA",triple-receptor negative breast cancer,myeloproliferative neoplasm," ERAP1,  SNCA, TERT,  ULK4, ADGRG6","Out of the given list, which Gene is associated with triple-receptor negative breast cancer and myeloproliferative neoplasm. Given list is:  ERAP1,  SNCA, TERT,  ULK4, ADGRG6",DOID:0060081,DOID:2226
31,"('triple-receptor negative breast cancer', 'central nervous system cancer')",TERT,"IL6, HLA-DQA1, ATXN2, PLG",triple-receptor negative breast cancer,central nervous system cancer," PLG,  HLA-DQA1, IL6,  ATXN2, TERT","Out of the given list, which Gene is associated with triple-receptor negative breast cancer and central nervous system cancer. Given list is:  PLG,  HLA-DQA1, IL6,  ATXN2, TERT",DOID:0060081,DOID:3620
32,"('triple-receptor negative breast cancer', 'estrogen-receptor negative breast cancer')",TERT,"ATP2B1, KIT, IL6, DGKK",triple-receptor negative breast cancer,estrogen-receptor negative breast cancer,"TERT,  KIT,  DGKK, ATP2B1,  IL6","Out of the given list, which Gene is associated with triple-receptor negative breast cancer and estrogen-receptor negative breast cancer. Given list is: TERT,  KIT,  DGKK, ATP2B1,  IL6",DOID:0060081,DOID:0060076
33,"('triple-receptor negative breast cancer', 'lung adenocarcinoma')",TERT,"IGF1R, LRMDA, POU5F1B, PLG",triple-receptor negative breast cancer,lung adenocarcinoma,"TERT,  POU5F1B,  PLG, IGF1R,  LRMDA","Out of the given list, which Gene is associated with triple-receptor negative breast cancer and lung adenocarcinoma. Given list is: TERT,  POU5F1B,  PLG, IGF1R,  LRMDA",DOID:0060081,DOID:3910
34,"('triple-receptor negative breast cancer', 'lung carcinoma')",TERT,"C5, FADS2, PTPN22, FCGR2A",triple-receptor negative breast cancer,lung carcinoma," PTPN22, C5, TERT,  FCGR2A,  FADS2","Out of the given list, which Gene is associated with triple-receptor negative breast cancer and lung carcinoma. Given list is:  PTPN22, C5, TERT,  FCGR2A,  FADS2",DOID:0060081,DOID:3905
35,"('lung small cell carcinoma', 'opiate dependence')",ADGRV1,"TERT, CLPTM1L, CFH, FAT3",lung small cell carcinoma,opiate dependence," CFH,  CLPTM1L, TERT,  FAT3, ADGRV1","Out of the given list, which Gene is associated with lung small cell carcinoma and opiate dependence. Given list is:  CFH,  CLPTM1L, TERT,  FAT3, ADGRV1",DOID:5409,DOID:2559
36,"('lung small cell carcinoma', 'cervix carcinoma')",ADGRV1,"TERT, PHGDH, CACNA1D, TFAP2B",lung small cell carcinoma,cervix carcinoma,"TERT, ADGRV1,  PHGDH,  CACNA1D,  TFAP2B","Out of the given list, which Gene is associated with lung small cell carcinoma and cervix carcinoma. Given list is: TERT, ADGRV1,  PHGDH,  CACNA1D,  TFAP2B",DOID:5409,DOID:2893
37,"('male breast cancer', 'urticaria')",RAD51B,"ABO, PHGDH, TERT, BABAM1",male breast cancer,urticaria," BABAM1, RAD51B,  PHGDH, ABO,  TERT","Out of the given list, which Gene is associated with male breast cancer and urticaria. Given list is:  BABAM1, RAD51B,  PHGDH, ABO,  TERT",DOID:1614,DOID:1555
38,"('idiopathic pulmonary fibrosis', 'interstitial lung disease')",TERT,"HLA-DQA1, CLPTM1L, COL22A1, KIF1B",idiopathic pulmonary fibrosis,interstitial lung disease," COL22A1,  KIF1B, TERT,  CLPTM1L, HLA-DQA1","Out of the given list, which Gene is associated with idiopathic pulmonary fibrosis and interstitial lung disease. Given list is:  COL22A1,  KIF1B, TERT,  CLPTM1L, HLA-DQA1",DOID:0050156,DOID:3082
39,"('idiopathic pulmonary fibrosis', 'triple-receptor negative breast cancer')",TERT,"DNMT3A, RELN, PLA2R1, ABO",idiopathic pulmonary fibrosis,triple-receptor negative breast cancer," RELN, TERT,  PLA2R1, DNMT3A,  ABO","Out of the given list, which Gene is associated with idiopathic pulmonary fibrosis and triple-receptor negative breast cancer. Given list is:  RELN, TERT,  PLA2R1, DNMT3A,  ABO",DOID:0050156,DOID:0060081
40,"('idiopathic pulmonary fibrosis', 'myeloproliferative neoplasm')",TERT,"STAT4, ADGRV1, UMPS, UMOD",idiopathic pulmonary fibrosis,myeloproliferative neoplasm,"STAT4,  UMOD,  ADGRV1,  UMPS, TERT","Out of the given list, which Gene is associated with idiopathic pulmonary fibrosis and myeloproliferative neoplasm. Given list is: STAT4,  UMOD,  ADGRV1,  UMPS, TERT",DOID:0050156,DOID:2226
41,"('idiopathic pulmonary fibrosis', 'central nervous system cancer')",TERT,"LOXL1, IL6, RP1, KALRN",idiopathic pulmonary fibrosis,central nervous system cancer,"LOXL1, TERT,  KALRN,  RP1,  IL6","Out of the given list, which Gene is associated with idiopathic pulmonary fibrosis and central nervous system cancer. Given list is: LOXL1, TERT,  KALRN,  RP1,  IL6",DOID:0050156,DOID:3620
42,"('idiopathic pulmonary fibrosis', 'estrogen-receptor negative breast cancer')",TERT,"NTM, IGF2BP2, TNFSF15, STN1",idiopathic pulmonary fibrosis,estrogen-receptor negative breast cancer,"TERT,  TNFSF15, NTM,  IGF2BP2,  STN1","Out of the given list, which Gene is associated with idiopathic pulmonary fibrosis and estrogen-receptor negative breast cancer. Given list is: TERT,  TNFSF15, NTM,  IGF2BP2,  STN1",DOID:0050156,DOID:0060076
43,"('idiopathic pulmonary fibrosis', 'lung adenocarcinoma')",TERT,"HLA-B, PSCA, CFH, USHBP1",idiopathic pulmonary fibrosis,lung adenocarcinoma,"HLA-B,  CFH,  PSCA, TERT,  USHBP1","Out of the given list, which Gene is associated with idiopathic pulmonary fibrosis and lung adenocarcinoma. Given list is: HLA-B,  CFH,  PSCA, TERT,  USHBP1",DOID:0050156,DOID:3910
44,"('idiopathic pulmonary fibrosis', 'lung carcinoma')",TERT,"ABCG2, ERAP1, SULT1B1, CHST11",idiopathic pulmonary fibrosis,lung carcinoma,"ABCG2,  SULT1B1,  ERAP1, TERT,  CHST11","Out of the given list, which Gene is associated with idiopathic pulmonary fibrosis and lung carcinoma. Given list is: ABCG2,  SULT1B1,  ERAP1, TERT,  CHST11",DOID:0050156,DOID:3905
45,"('thyroid gland papillary carcinoma', 'hypothyroidism')",VAV3,"PRNP, CLPTM1L, MYBPC3, FAM227B",thyroid gland papillary carcinoma,hypothyroidism," CLPTM1L,  MYBPC3,  FAM227B, VAV3, PRNP","Out of the given list, which Gene is associated with thyroid gland papillary carcinoma and hypothyroidism. Given list is:  CLPTM1L,  MYBPC3,  FAM227B, VAV3, PRNP",DOID:3969,DOID:1459
46,"('thyroid gland papillary carcinoma', 'differentiated thyroid gland carcinoma')",VAV3,"POU5F1B, ACOXL, PSCA, ZFPM2",thyroid gland papillary carcinoma,differentiated thyroid gland carcinoma," ACOXL, POU5F1B, VAV3,  PSCA,  ZFPM2","Out of the given list, which Gene is associated with thyroid gland papillary carcinoma and differentiated thyroid gland carcinoma. Given list is:  ACOXL, POU5F1B, VAV3,  PSCA,  ZFPM2",DOID:3969,DOID:0080525
47,"('mature B-cell neoplasm', 'androgenic alopecia')",SLC14A2,"ERAP1, PRKAG2, HLA-DPA1, FER",mature B-cell neoplasm,androgenic alopecia," HLA-DPA1,  PRKAG2, ERAP1, SLC14A2,  FER","Out of the given list, which Gene is associated with mature B-cell neoplasm and androgenic alopecia. Given list is:  HLA-DPA1,  PRKAG2, ERAP1, SLC14A2,  FER",DOID:706,DOID:0050801
48,"('mature B-cell neoplasm', 'cocaine dependence')",SLC14A2,"PLG, TLR1, IL12RB2, SCN1A",mature B-cell neoplasm,cocaine dependence," TLR1, SLC14A2,  SCN1A,  IL12RB2, PLG","Out of the given list, which Gene is associated with mature B-cell neoplasm and cocaine dependence. Given list is:  TLR1, SLC14A2,  SCN1A,  IL12RB2, PLG",DOID:706,DOID:9975
49,"('hepatitis B', 'lymphoma')",HLA-DQB2,"STAT4, FBN1, KALRN, ALDH1A2",hepatitis B,lymphoma," KALRN, HLA-DQB2,  ALDH1A2, STAT4,  FBN1","Out of the given list, which Gene is associated with hepatitis B and lymphoma. Given list is:  KALRN, HLA-DQB2,  ALDH1A2, STAT4,  FBN1",DOID:2043,DOID:0060058
50,"('autoimmune hepatitis', 'membranous glomerulonephritis')",HLA-DQA1,"TNFSF13, CFH, KITLG, STAT4",autoimmune hepatitis,membranous glomerulonephritis," STAT4, HLA-DQA1, TNFSF13,  CFH,  KITLG","Out of the given list, which Gene is associated with autoimmune hepatitis and membranous glomerulonephritis. Given list is:  STAT4, HLA-DQA1, TNFSF13,  CFH,  KITLG",DOID:2048,DOID:10976
51,"('autoimmune hepatitis', 'oral cavity cancer')",HLA-DQB1,"HLF, DLEU7, SULT1B1, CACNA2D1",autoimmune hepatitis,oral cavity cancer," CACNA2D1, HLF,  SULT1B1, HLA-DQB1,  DLEU7","Out of the given list, which Gene is associated with autoimmune hepatitis and oral cavity cancer. Given list is:  CACNA2D1, HLF,  SULT1B1, HLA-DQB1,  DLEU7",DOID:2048,DOID:8618
52,"('autoimmune hepatitis', 'immunoglobulin alpha deficiency')",HLA-DQA1,"HLA-DQA1, PLA2R1, UCK2, HLA-DQB1",autoimmune hepatitis,immunoglobulin alpha deficiency,"HLA-DQA1,  HLA-DQB1,  UCK2,  PLA2R1, HLA-DQA1","Out of the given list, which Gene is associated with autoimmune hepatitis and immunoglobulin alpha deficiency. Given list is: HLA-DQA1,  HLA-DQB1,  UCK2,  PLA2R1, HLA-DQA1",DOID:2048,DOID:0060025
53,"('autoimmune hepatitis', 'collagenous colitis')",HLA-DQA1,"PLA2R1, TERT, NANOS1, KALRN",autoimmune hepatitis,collagenous colitis," KALRN,  TERT, PLA2R1,  NANOS1, HLA-DQA1","Out of the given list, which Gene is associated with autoimmune hepatitis and collagenous colitis. Given list is:  KALRN,  TERT, PLA2R1,  NANOS1, HLA-DQA1",DOID:2048,DOID:0060183
54,"('autoimmune hepatitis', 'oropharynx cancer')",HLA-DQB1,"TMEM71, LOXL1, BTBD9, EYA2",autoimmune hepatitis,oropharynx cancer," EYA2,  LOXL1,  BTBD9, TMEM71, HLA-DQB1","Out of the given list, which Gene is associated with autoimmune hepatitis and oropharynx cancer. Given list is:  EYA2,  LOXL1,  BTBD9, TMEM71, HLA-DQB1",DOID:2048,DOID:8557
55,"('autoimmune hepatitis', 'nephrotic syndrome')",HLA-DQB1,"EPDR1, IGF1R, SLC17A4, IL2RA",autoimmune hepatitis,nephrotic syndrome," IGF1R, HLA-DQB1,  IL2RA,  SLC17A4, EPDR1","Out of the given list, which Gene is associated with autoimmune hepatitis and nephrotic syndrome. Given list is:  IGF1R, HLA-DQB1,  IL2RA,  SLC17A4, EPDR1",DOID:2048,DOID:1184
56,"('autoimmune hepatitis', 'rheumatic heart disease')",HLA-DQB1,"THADA, GSDMB, ALDH1A2, KAT2B",autoimmune hepatitis,rheumatic heart disease," KAT2B, HLA-DQB1,  GSDMB,  ALDH1A2, THADA","Out of the given list, which Gene is associated with autoimmune hepatitis and rheumatic heart disease. Given list is:  KAT2B, HLA-DQB1,  GSDMB,  ALDH1A2, THADA",DOID:2048,DOID:0050827
57,"('autoimmune hepatitis', 'cutaneous lupus erythematosus')",HLA-DQA1,"CCDC33, CACNB2, PTPN22, IL2RA",autoimmune hepatitis,cutaneous lupus erythematosus," PTPN22, HLA-DQA1,  CACNB2, CCDC33,  IL2RA","Out of the given list, which Gene is associated with autoimmune hepatitis and cutaneous lupus erythematosus. Given list is:  PTPN22, HLA-DQA1,  CACNB2, CCDC33,  IL2RA",DOID:2048,DOID:0050169
58,"('autoimmune hepatitis', 'cervix carcinoma')",HLA-DQA1,"CACNA1S, FAT3, CACNA2D1, HLA-DPA1",autoimmune hepatitis,cervix carcinoma," FAT3,  HLA-DPA1, HLA-DQA1, CACNA1S,  CACNA2D1","Out of the given list, which Gene is associated with autoimmune hepatitis and cervix carcinoma. Given list is:  FAT3,  HLA-DPA1, HLA-DQA1, CACNA1S,  CACNA2D1",DOID:2048,DOID:2893
59,"('primary angle-closure glaucoma', 'periodontitis')",EPDR1,"SHTN1, POU5F1B, USHBP1, ADH1B",primary angle-closure glaucoma,periodontitis,"EPDR1,  ADH1B,  USHBP1,  POU5F1B, SHTN1","Out of the given list, which Gene is associated with primary angle-closure glaucoma and periodontitis. Given list is: EPDR1,  ADH1B,  USHBP1,  POU5F1B, SHTN1",DOID:1405,DOID:824
62,"('hypothyroidism', 'thyroid gland papillary carcinoma')",VAV3,"FAM13A, TERT, PRKACB, ZFPM2",hypothyroidism,thyroid gland papillary carcinoma," PRKACB, FAM13A, VAV3,  ZFPM2,  TERT","Out of the given list, which Gene is associated with hypothyroidism and thyroid gland papillary carcinoma. Given list is:  PRKACB, FAM13A, VAV3,  ZFPM2,  TERT",DOID:1459,DOID:3969
63,"('hypothyroidism', 'differentiated thyroid gland carcinoma')",VAV3,"STAT4, RP1, RELN, PNPLA3",hypothyroidism,differentiated thyroid gland carcinoma," PNPLA3,  RELN,  RP1, STAT4, VAV3","Out of the given list, which Gene is associated with hypothyroidism and differentiated thyroid gland carcinoma. Given list is:  PNPLA3,  RELN,  RP1, STAT4, VAV3",DOID:1459,DOID:0080525
65,"('liver cirrhosis', 'head and neck cancer')",CACNA2D1,"YLPM1, HLA-DQA1, ADGRV1, STN1",liver cirrhosis,head and neck cancer,"CACNA2D1,  HLA-DQA1,  ADGRV1, YLPM1,  STN1","Out of the given list, which Gene is associated with liver cirrhosis and head and neck cancer. Given list is: CACNA2D1,  HLA-DQA1,  ADGRV1, YLPM1,  STN1",DOID:5082,DOID:11934
67,"('liver cirrhosis', 'uveal melanoma')",CACNA2D1,"SULT1B1, VAV3, NTM, PSCA",liver cirrhosis,uveal melanoma," VAV3,  PSCA, CACNA2D1,  NTM, SULT1B1","Out of the given list, which Gene is associated with liver cirrhosis and uveal melanoma. Given list is:  VAV3,  PSCA, CACNA2D1,  NTM, SULT1B1",DOID:5082,DOID:6039
68,"(""Takayasu's arteritis"", 'psoriasis')",HLA-B,"RGS14, CACNA1C, ABCG2, PTPN22",Takayasu's arteritis,psoriasis," ABCG2, HLA-B,  CACNA1C, RGS14,  PTPN22","Out of the given list, which Gene is associated with Takayasu's arteritis and psoriasis. Given list is:  ABCG2, HLA-B,  CACNA1C, RGS14,  PTPN22",DOID:2508,DOID:8893
69,"(""Takayasu's arteritis"", 'myelodysplastic syndrome')",HLA-B,"RBFOX1, ERAP1, CCDC33, PCDH15",Takayasu's arteritis,myelodysplastic syndrome," CCDC33,  PCDH15, RBFOX1, HLA-B,  ERAP1","Out of the given list, which Gene is associated with Takayasu's arteritis and myelodysplastic syndrome. Given list is:  CCDC33,  PCDH15, RBFOX1, HLA-B,  ERAP1",DOID:2508,DOID:0050908
70,"(""Takayasu's arteritis"", 'herpes zoster')",HLA-B,"HBB, STAT6, CFH, HLA-DQA1",Takayasu's arteritis,herpes zoster,"HLA-B,  STAT6,  HLA-DQA1, HBB,  CFH","Out of the given list, which Gene is associated with Takayasu's arteritis and herpes zoster. Given list is: HLA-B,  STAT6,  HLA-DQA1, HBB,  CFH",DOID:2508,DOID:8536
71,"(""Takayasu's arteritis"", 'allergic rhinitis')",HLA-B,"HLA-DQB2, TNRC6B, FAM13A, CRTC1",Takayasu's arteritis,allergic rhinitis,"HLA-DQB2,  CRTC1,  FAM13A,  TNRC6B, HLA-B","Out of the given list, which Gene is associated with Takayasu's arteritis and allergic rhinitis. Given list is: HLA-DQB2,  CRTC1,  FAM13A,  TNRC6B, HLA-B",DOID:2508,DOID:4481
72,"(""Takayasu's arteritis"", 'diffuse large B-cell lymphoma')",HLA-B,"PBX2, PNPLA3, BRCA2, PLG",Takayasu's arteritis,diffuse large B-cell lymphoma,"HLA-B,  PLG,  BRCA2,  PNPLA3, PBX2","Out of the given list, which Gene is associated with Takayasu's arteritis and diffuse large B-cell lymphoma. Given list is: HLA-B,  PLG,  BRCA2,  PNPLA3, PBX2",DOID:2508,DOID:0050745
73,"(""Takayasu's arteritis"", 'psoriatic arthritis')",HLA-B,"SCN1A, SNTB1, RELN, HLA-B",Takayasu's arteritis,psoriatic arthritis," RELN, HLA-B,  HLA-B,  SNTB1, SCN1A","Out of the given list, which Gene is associated with Takayasu's arteritis and psoriatic arthritis. Given list is:  RELN, HLA-B,  HLA-B,  SNTB1, SCN1A",DOID:2508,DOID:9008
74,"('oral cavity cancer', 'autoimmune hepatitis')",HLA-DQB1,"TTLL5, SAMM50, KAT2B, HOXD3",oral cavity cancer,autoimmune hepatitis," KAT2B, TTLL5, HLA-DQB1,  HOXD3,  SAMM50","Out of the given list, which Gene is associated with oral cavity cancer and autoimmune hepatitis. Given list is:  KAT2B, TTLL5, HLA-DQB1,  HOXD3,  SAMM50",DOID:8618,DOID:2048
75,"('oral cavity cancer', 'oropharynx cancer')",HLA-DQB1,"CACNA1S, TNFSF15, GCKR, RAD51B",oral cavity cancer,oropharynx cancer," GCKR, HLA-DQB1, CACNA1S,  TNFSF15,  RAD51B","Out of the given list, which Gene is associated with oral cavity cancer and oropharynx cancer. Given list is:  GCKR, HLA-DQB1, CACNA1S,  TNFSF15,  RAD51B",DOID:8618,DOID:8557
76,"('oral cavity cancer', 'nephrotic syndrome')",HLA-DQB1,"ARMS2, LOXL1, ACOXL, HLA-B",oral cavity cancer,nephrotic syndrome,"ARMS2, HLA-DQB1,  LOXL1,  HLA-B,  ACOXL","Out of the given list, which Gene is associated with oral cavity cancer and nephrotic syndrome. Given list is: ARMS2, HLA-DQB1,  LOXL1,  HLA-B,  ACOXL",DOID:8618,DOID:1184
77,"('oral cavity cancer', 'rheumatic heart disease')",HLA-DQB1,"TNNT2, HLA-DQB1, HBB, ITPA",oral cavity cancer,rheumatic heart disease,"HLA-DQB1,  HBB, TNNT2,  ITPA,  HLA-DQB1","Out of the given list, which Gene is associated with oral cavity cancer and rheumatic heart disease. Given list is: HLA-DQB1,  HBB, TNNT2,  ITPA,  HLA-DQB1",DOID:8618,DOID:0050827
78,"('oral cavity cancer', 'pancreatic carcinoma')",CLPTM1L,"AKAP6, CASZ1, IL6, HERC2",oral cavity cancer,pancreatic carcinoma,"CLPTM1L,  CASZ1, AKAP6,  HERC2,  IL6","Out of the given list, which Gene is associated with oral cavity cancer and pancreatic carcinoma. Given list is: CLPTM1L,  CASZ1, AKAP6,  HERC2,  IL6",DOID:8618,DOID:4905
79,"('immunoglobulin alpha deficiency', 'membranous glomerulonephritis')",HLA-DQA1,"HLA-DQB1, CRTC1, MYH7, TNRC6B",immunoglobulin alpha deficiency,membranous glomerulonephritis,"HLA-DQA1, HLA-DQB1,  MYH7,  TNRC6B,  CRTC1","Out of the given list, which Gene is associated with immunoglobulin alpha deficiency and membranous glomerulonephritis. Given list is: HLA-DQA1, HLA-DQB1,  MYH7,  TNRC6B,  CRTC1",DOID:0060025,DOID:10976
80,"('immunoglobulin alpha deficiency', 'autoimmune hepatitis')",HLA-DQA1,"HLA-DQA1, PRKAG2, PLG, SLC14A2",immunoglobulin alpha deficiency,autoimmune hepatitis," SLC14A2,  PRKAG2, HLA-DQA1, HLA-DQA1,  PLG","Out of the given list, which Gene is associated with immunoglobulin alpha deficiency and autoimmune hepatitis. Given list is:  SLC14A2,  PRKAG2, HLA-DQA1, HLA-DQA1,  PLG",DOID:0060025,DOID:2048
81,"('immunoglobulin alpha deficiency', 'collagenous colitis')",HLA-DQA1,"GATA3, CHEK2, SNTB1, HLA-DRB5",immunoglobulin alpha deficiency,collagenous colitis,"GATA3, HLA-DQA1,  SNTB1,  CHEK2,  HLA-DRB5","Out of the given list, which Gene is associated with immunoglobulin alpha deficiency and collagenous colitis. Given list is: GATA3, HLA-DQA1,  SNTB1,  CHEK2,  HLA-DRB5",DOID:0060025,DOID:0060183
82,"('immunoglobulin alpha deficiency', 'cutaneous lupus erythematosus')",HLA-DQA1,"PINX1, DTNB, FER, PLA2R1",immunoglobulin alpha deficiency,cutaneous lupus erythematosus," PLA2R1,  DTNB,  FER, HLA-DQA1, PINX1","Out of the given list, which Gene is associated with immunoglobulin alpha deficiency and cutaneous lupus erythematosus. Given list is:  PLA2R1,  DTNB,  FER, HLA-DQA1, PINX1",DOID:0060025,DOID:0050169
83,"('immunoglobulin alpha deficiency', 'cervix carcinoma')",HLA-DQA1,"HLA-DPB1, CLPTM1L, STAT3, ABO",immunoglobulin alpha deficiency,cervix carcinoma," CLPTM1L,  STAT3, HLA-DQA1,  ABO, HLA-DPB1","Out of the given list, which Gene is associated with immunoglobulin alpha deficiency and cervix carcinoma. Given list is:  CLPTM1L,  STAT3, HLA-DQA1,  ABO, HLA-DPB1",DOID:0060025,DOID:2893
84,"('myelodysplastic syndrome', 'psoriasis')",HLA-B,"VAV3, TERT, CLPTM1L, PTPN22",myelodysplastic syndrome,psoriasis,"VAV3,  TERT,  CLPTM1L,  PTPN22, HLA-B","Out of the given list, which Gene is associated with myelodysplastic syndrome and psoriasis. Given list is: VAV3,  TERT,  CLPTM1L,  PTPN22, HLA-B",DOID:0050908,DOID:8893
85,"('myelodysplastic syndrome', ""Takayasu's arteritis"")",HLA-B,"BTN3A1, CACNA1A, CACNA2D1, AKAP6",myelodysplastic syndrome,Takayasu's arteritis,"BTN3A1,  AKAP6,  CACNA2D1, HLA-B,  CACNA1A","Out of the given list, which Gene is associated with myelodysplastic syndrome and Takayasu's arteritis. Given list is: BTN3A1,  AKAP6,  CACNA2D1, HLA-B,  CACNA1A",DOID:0050908,DOID:2508
86,"('myelodysplastic syndrome', 'herpes zoster')",HLA-B,"ATP2B1, DTNB, SLC14A2, KALRN",myelodysplastic syndrome,herpes zoster," DTNB, HLA-B, ATP2B1,  SLC14A2,  KALRN","Out of the given list, which Gene is associated with myelodysplastic syndrome and herpes zoster. Given list is:  DTNB, HLA-B, ATP2B1,  SLC14A2,  KALRN",DOID:0050908,DOID:8536
87,"('myelodysplastic syndrome', 'allergic rhinitis')",HLA-B,"GSDMB, CHEK2, BTN3A1, ARMS2",myelodysplastic syndrome,allergic rhinitis," ARMS2,  CHEK2, HLA-B,  BTN3A1, GSDMB","Out of the given list, which Gene is associated with myelodysplastic syndrome and allergic rhinitis. Given list is:  ARMS2,  CHEK2, HLA-B,  BTN3A1, GSDMB",DOID:0050908,DOID:4481
88,"('myelodysplastic syndrome', 'diffuse large B-cell lymphoma')",HLA-B,"TMEM71, TDP2, HLA-DQA1, MIF",myelodysplastic syndrome,diffuse large B-cell lymphoma," MIF,  TDP2, TMEM71,  HLA-DQA1, HLA-B","Out of the given list, which Gene is associated with myelodysplastic syndrome and diffuse large B-cell lymphoma. Given list is:  MIF,  TDP2, TMEM71,  HLA-DQA1, HLA-B",DOID:0050908,DOID:0050745
89,"('myelodysplastic syndrome', 'psoriatic arthritis')",HLA-B,"HLA-DQB1, MST1, HERC2, BTNL2",myelodysplastic syndrome,psoriatic arthritis," MST1,  BTNL2, HLA-B,  HERC2, HLA-DQB1","Out of the given list, which Gene is associated with myelodysplastic syndrome and psoriatic arthritis. Given list is:  MST1,  BTNL2, HLA-B,  HERC2, HLA-DQB1",DOID:0050908,DOID:9008
90,"('differentiated thyroid gland carcinoma', 'thyroid gland papillary carcinoma')",VAV3,"CHEK2, ITPA, PLG, CRTC1",differentiated thyroid gland carcinoma,thyroid gland papillary carcinoma," ITPA, CHEK2,  CRTC1,  PLG, VAV3","Out of the given list, which Gene is associated with differentiated thyroid gland carcinoma and thyroid gland papillary carcinoma. Given list is:  ITPA, CHEK2,  CRTC1,  PLG, VAV3",DOID:0080525,DOID:3969
91,"('differentiated thyroid gland carcinoma', 'hypothyroidism')",VAV3,"PINX1, HLA-DQA1, PCDH15, ERAP1",differentiated thyroid gland carcinoma,hypothyroidism," ERAP1,  HLA-DQA1, VAV3, PINX1,  PCDH15","Out of the given list, which Gene is associated with differentiated thyroid gland carcinoma and hypothyroidism. Given list is:  ERAP1,  HLA-DQA1, VAV3, PINX1,  PCDH15",DOID:0080525,DOID:1459
92,"(""Barrett's esophagus"", 'esophagus adenocarcinoma')",CRTC1,"HLA-B, MYBPC3, HLA-DQB1, CFH",Barrett's esophagus,esophagus adenocarcinoma," HLA-DQB1, CRTC1, HLA-B,  CFH,  MYBPC3","Out of the given list, which Gene is associated with Barrett's esophagus and esophagus adenocarcinoma. Given list is:  HLA-DQB1, CRTC1, HLA-B,  CFH,  MYBPC3",DOID:9206,DOID:4914
93,"('ankylosing spondylitis', 'inflammatory bowel disease')",IL23R,"UCK2, LPP, YLPM1, DAB2IP",ankylosing spondylitis,inflammatory bowel disease," LPP, UCK2,  YLPM1,  DAB2IP, IL23R","Out of the given list, which Gene is associated with ankylosing spondylitis and inflammatory bowel disease. Given list is:  LPP, UCK2,  YLPM1,  DAB2IP, IL23R",DOID:7147,DOID:0050589
94,"('ankylosing spondylitis', 'ulcerative colitis')",IL23R,"SAMM50, KIT, PSCA, HLA-DQB1",ankylosing spondylitis,ulcerative colitis," KIT, SAMM50, IL23R,  PSCA,  HLA-DQB1","Out of the given list, which Gene is associated with ankylosing spondylitis and ulcerative colitis. Given list is:  KIT, SAMM50, IL23R,  PSCA,  HLA-DQB1",DOID:7147,DOID:8577
95,"('ankylosing spondylitis', 'anterior uveitis')",ERAP1,"SYT14, XBP1, HNF1B, CFH",ankylosing spondylitis,anterior uveitis," CFH,  XBP1, ERAP1, SYT14,  HNF1B","Out of the given list, which Gene is associated with ankylosing spondylitis and anterior uveitis. Given list is:  CFH,  XBP1, ERAP1, SYT14,  HNF1B",DOID:7147,DOID:1407
96,"('ankylosing spondylitis', ""Crohn's disease"")",IL23R,"EYA2, SLC2A9, TNRC18, HLA-DQB1",ankylosing spondylitis,Crohn's disease,"IL23R,  HLA-DQB1,  TNRC18, EYA2,  SLC2A9","Out of the given list, which Gene is associated with ankylosing spondylitis and Crohn's disease. Given list is: IL23R,  HLA-DQB1,  TNRC18, EYA2,  SLC2A9",DOID:7147,DOID:8778
97,"('rheumatoid arthritis', 'myositis')",PTPN22,"BARD1, STAT3, C5AR1, PRKN",rheumatoid arthritis,myositis," STAT3, BARD1, PTPN22,  PRKN,  C5AR1","Out of the given list, which Gene is associated with rheumatoid arthritis and myositis. Given list is:  STAT3, BARD1, PTPN22,  PRKN,  C5AR1",DOID:7148,DOID:633
98,"('neuromyelitis optica', 'neurotic disorder')",TNXB,"TNRC18, CASZ1, PCDH7, GATA3",neuromyelitis optica,neurotic disorder,"TNRC18,  PCDH7,  CASZ1,  GATA3, TNXB","Out of the given list, which Gene is associated with neuromyelitis optica and neurotic disorder. Given list is: TNRC18,  PCDH7,  CASZ1,  GATA3, TNXB",DOID:8869,DOID:4964
99,"('collagenous colitis', 'membranous glomerulonephritis')",HLA-DQA1,"PNPLA3, ATP2B1, PHACTR1, CASZ1",collagenous colitis,membranous glomerulonephritis," PHACTR1,  CASZ1, PNPLA3, HLA-DQA1,  ATP2B1","Out of the given list, which Gene is associated with collagenous colitis and membranous glomerulonephritis. Given list is:  PHACTR1,  CASZ1, PNPLA3, HLA-DQA1,  ATP2B1",DOID:0060183,DOID:10976
100,"('collagenous colitis', 'autoimmune hepatitis')",HLA-DQA1,"MST1, AKAP6, CACNA1D, NTM",collagenous colitis,autoimmune hepatitis," CACNA1D, HLA-DQA1,  AKAP6, MST1,  NTM","Out of the given list, which Gene is associated with collagenous colitis and autoimmune hepatitis. Given list is:  CACNA1D, HLA-DQA1,  AKAP6, MST1,  NTM",DOID:0060183,DOID:2048
101,"('collagenous colitis', 'immunoglobulin alpha deficiency')",HLA-DQA1,"RELN, EPAS1, KIT, MYH7",collagenous colitis,immunoglobulin alpha deficiency," EPAS1,  MYH7, RELN, HLA-DQA1,  KIT","Out of the given list, which Gene is associated with collagenous colitis and immunoglobulin alpha deficiency. Given list is:  EPAS1,  MYH7, RELN, HLA-DQA1,  KIT",DOID:0060183,DOID:0060025
102,"('collagenous colitis', 'cutaneous lupus erythematosus')",HLA-DQA1,"HLA-DQA1, MYH7, TERT, BARD1",collagenous colitis,cutaneous lupus erythematosus," MYH7, HLA-DQA1, HLA-DQA1,  TERT,  BARD1","Out of the given list, which Gene is associated with collagenous colitis and cutaneous lupus erythematosus. Given list is:  MYH7, HLA-DQA1, HLA-DQA1,  TERT,  BARD1",DOID:0060183,DOID:0050169
103,"('collagenous colitis', 'cervix carcinoma')",HLA-DQA1,"TERT, SLC17A4, TERT, NEURL1",collagenous colitis,cervix carcinoma," NEURL1, TERT, HLA-DQA1,  TERT,  SLC17A4","Out of the given list, which Gene is associated with collagenous colitis and cervix carcinoma. Given list is:  NEURL1, TERT, HLA-DQA1,  TERT,  SLC17A4",DOID:0060183,DOID:2893
104,"('dengue hemorrhagic fever', 'intracranial aneurysm')",RP1,"FADS1, TLR1, GNE, UCK2",dengue hemorrhagic fever,intracranial aneurysm,"RP1,  TLR1,  UCK2,  GNE, FADS1","Out of the given list, which Gene is associated with dengue hemorrhagic fever and intracranial aneurysm. Given list is: RP1,  TLR1,  UCK2,  GNE, FADS1",DOID:12206,DOID:10941
105,"('dengue hemorrhagic fever', 'wheat allergy')",RBFOX1,"BABAM1, WNT4, PTPN22, EPDR1",dengue hemorrhagic fever,wheat allergy,"RBFOX1,  EPDR1, BABAM1,  PTPN22,  WNT4","Out of the given list, which Gene is associated with dengue hemorrhagic fever and wheat allergy. Given list is: RBFOX1,  EPDR1, BABAM1,  PTPN22,  WNT4",DOID:12206,DOID:3660
106,"('neurotic disorder', 'neuromyelitis optica')",TNXB,"STAT4, LACC1, SFRP4, UMPS",neurotic disorder,neuromyelitis optica,"STAT4,  LACC1, TNXB,  UMPS,  SFRP4","Out of the given list, which Gene is associated with neurotic disorder and neuromyelitis optica. Given list is: STAT4,  LACC1, TNXB,  UMPS,  SFRP4",DOID:4964,DOID:8869
107,"('head and neck cancer', 'liver cirrhosis')",CACNA2D1,"TFAP2B, CRTC1, USHBP1, TERT",head and neck cancer,liver cirrhosis,"TFAP2B,  TERT,  USHBP1, CACNA2D1,  CRTC1","Out of the given list, which Gene is associated with head and neck cancer and liver cirrhosis. Given list is: TFAP2B,  TERT,  USHBP1, CACNA2D1,  CRTC1",DOID:11934,DOID:5082
108,"('head and neck cancer', 'uveal melanoma')",CACNA2D1,"TERT, SULT1B1, PSCA, ABO",head and neck cancer,uveal melanoma," ABO, CACNA2D1,  PSCA, TERT,  SULT1B1","Out of the given list, which Gene is associated with head and neck cancer and uveal melanoma. Given list is:  ABO, CACNA2D1,  PSCA, TERT,  SULT1B1",DOID:11934,DOID:6039
109,"('age related macular degeneration', 'Kuhnt-Junius degeneration')",CFH,"VAV3, TP53, HLA-DQA1, UGT1A8",age related macular degeneration,Kuhnt-Junius degeneration,"VAV3,  UGT1A8, CFH,  TP53,  HLA-DQA1","Out of the given list, which Gene is associated with age related macular degeneration and Kuhnt-Junius degeneration. Given list is: VAV3,  UGT1A8, CFH,  TP53,  HLA-DQA1",DOID:10871,DOID:10873
110,"('age related macular degeneration', 'kidney disease')",CFH,"C1orf127, HAAO, RAD51B, CASZ1",age related macular degeneration,kidney disease," RAD51B, CFH, C1orf127,  CASZ1,  HAAO","Out of the given list, which Gene is associated with age related macular degeneration and kidney disease. Given list is:  RAD51B, CFH, C1orf127,  CASZ1,  HAAO",DOID:10871,DOID:557
111,"('Kuhnt-Junius degeneration', 'age related macular degeneration')",CFH,"STAT4, LACC1, CACNA2D1, SFRP4",Kuhnt-Junius degeneration,age related macular degeneration,"CFH,  CACNA2D1, STAT4,  LACC1,  SFRP4","Out of the given list, which Gene is associated with Kuhnt-Junius degeneration and age related macular degeneration. Given list is: CFH,  CACNA2D1, STAT4,  LACC1,  SFRP4",DOID:10873,DOID:10871
112,"('Kuhnt-Junius degeneration', 'kidney disease')",CFH,"TERT, MUC5B, PRKACB, CACNA2D1",Kuhnt-Junius degeneration,kidney disease," PRKACB,  MUC5B, TERT, CFH,  CACNA2D1","Out of the given list, which Gene is associated with Kuhnt-Junius degeneration and kidney disease. Given list is:  PRKACB,  MUC5B, TERT, CFH,  CACNA2D1",DOID:10873,DOID:557
113,"('lymphoma', 'hepatitis B')",HLA-DQB2,"PTPN22, YLPM1, MTTP, HAAO",lymphoma,hepatitis B,"HLA-DQB2,  YLPM1,  MTTP,  HAAO, PTPN22","Out of the given list, which Gene is associated with lymphoma and hepatitis B. Given list is: HLA-DQB2,  YLPM1,  MTTP,  HAAO, PTPN22",DOID:0060058,DOID:2043
114,"('herpes zoster', 'psoriasis')",HLA-B,"DNMT3A, HLA-DQB1, FAM227B, HOXD3",herpes zoster,psoriasis," HLA-DQB1,  HOXD3,  FAM227B, DNMT3A, HLA-B","Out of the given list, which Gene is associated with herpes zoster and psoriasis. Given list is:  HLA-DQB1,  HOXD3,  FAM227B, DNMT3A, HLA-B",DOID:8536,DOID:8893
115,"('herpes zoster', ""Takayasu's arteritis"")",HLA-B,"PRKN, FAM227B, CSNK2B, FGFR2",herpes zoster,Takayasu's arteritis," FAM227B, PRKN,  CSNK2B, HLA-B,  FGFR2","Out of the given list, which Gene is associated with herpes zoster and Takayasu's arteritis. Given list is:  FAM227B, PRKN,  CSNK2B, HLA-B,  FGFR2",DOID:8536,DOID:2508
116,"('herpes zoster', 'myelodysplastic syndrome')",HLA-B,"KITLG, AHR, PTPRD, TMEM71",herpes zoster,myelodysplastic syndrome,"HLA-B,  TMEM71, KITLG,  PTPRD,  AHR","Out of the given list, which Gene is associated with herpes zoster and myelodysplastic syndrome. Given list is: HLA-B,  TMEM71, KITLG,  PTPRD,  AHR",DOID:8536,DOID:0050908
117,"('herpes zoster', 'allergic rhinitis')",HLA-B,"IGF2BP2, CACNA2D1, HLA-B, CLPTM1L",herpes zoster,allergic rhinitis," HLA-B, HLA-B, IGF2BP2,  CLPTM1L,  CACNA2D1","Out of the given list, which Gene is associated with herpes zoster and allergic rhinitis. Given list is:  HLA-B, HLA-B, IGF2BP2,  CLPTM1L,  CACNA2D1",DOID:8536,DOID:4481
118,"('herpes zoster', 'diffuse large B-cell lymphoma')",HLA-B,"SLC14A2, EYA2, ATXN2, POU5F1B",herpes zoster,diffuse large B-cell lymphoma,"HLA-B,  ATXN2, SLC14A2,  EYA2,  POU5F1B","Out of the given list, which Gene is associated with herpes zoster and diffuse large B-cell lymphoma. Given list is: HLA-B,  ATXN2, SLC14A2,  EYA2,  POU5F1B",DOID:8536,DOID:0050745
119,"('herpes zoster', 'psoriatic arthritis')",HLA-B,"CPS1, ATG5, ADGRV1, SULT1B1",herpes zoster,psoriatic arthritis,"HLA-B,  ADGRV1, CPS1,  SULT1B1,  ATG5","Out of the given list, which Gene is associated with herpes zoster and psoriatic arthritis. Given list is: HLA-B,  ADGRV1, CPS1,  SULT1B1,  ATG5",DOID:8536,DOID:9008
120,"('duodenal ulcer', 'malaria')",ABO,"IGF1R, HLA-DQA1, GTF2I, USHBP1",duodenal ulcer,malaria,"IGF1R,  HLA-DQA1,  USHBP1, ABO,  GTF2I","Out of the given list, which Gene is associated with duodenal ulcer and malaria. Given list is: IGF1R,  HLA-DQA1,  USHBP1, ABO,  GTF2I",DOID:1724,DOID:12365
121,"('duodenal ulcer', 'atrophic gastritis')",PSCA,"MST1, SCN1A, GATA3, SLC17A4",duodenal ulcer,atrophic gastritis," SLC17A4,  GATA3, MST1, PSCA,  SCN1A","Out of the given list, which Gene is associated with duodenal ulcer and atrophic gastritis. Given list is:  SLC17A4,  GATA3, MST1, PSCA,  SCN1A",DOID:1724,DOID:8929
122,"('duodenal ulcer', 'pancreatic carcinoma')",ABO,"KALRN, CFH, STAT6, YLPM1",duodenal ulcer,pancreatic carcinoma," YLPM1,  CFH, ABO, KALRN,  STAT6","Out of the given list, which Gene is associated with duodenal ulcer and pancreatic carcinoma. Given list is:  YLPM1,  CFH, ABO, KALRN,  STAT6",DOID:1724,DOID:4905
123,"('duodenal ulcer', 'gastric fundus cancer')",PSCA,"FBN1, BTC, CACNA1S, MUC5B",duodenal ulcer,gastric fundus cancer," CACNA1S,  MUC5B, FBN1, PSCA,  BTC","Out of the given list, which Gene is associated with duodenal ulcer and gastric fundus cancer. Given list is:  CACNA1S,  MUC5B, FBN1, PSCA,  BTC",DOID:1724,DOID:10538
126,"('oropharynx cancer', 'autoimmune hepatitis')",HLA-DQB1,"C9, FBN1, TNXB, BTN3A1",oropharynx cancer,autoimmune hepatitis,"HLA-DQB1,  TNXB,  FBN1, C9,  BTN3A1","Out of the given list, which Gene is associated with oropharynx cancer and autoimmune hepatitis. Given list is: HLA-DQB1,  TNXB,  FBN1, C9,  BTN3A1",DOID:8557,DOID:2048
127,"('oropharynx cancer', 'oral cavity cancer')",HLA-DQB1,"MYBPC3, KIF1B, DGKK, HLA-B",oropharynx cancer,oral cavity cancer,"MYBPC3,  KIF1B,  DGKK, HLA-DQB1,  HLA-B","Out of the given list, which Gene is associated with oropharynx cancer and oral cavity cancer. Given list is: MYBPC3,  KIF1B,  DGKK, HLA-DQB1,  HLA-B",DOID:8557,DOID:8618
128,"('oropharynx cancer', 'nephrotic syndrome')",HLA-DQB1,"SLC2A9, FTO, RAD51B, FER",oropharynx cancer,nephrotic syndrome," FER, HLA-DQB1,  FTO, SLC2A9,  RAD51B","Out of the given list, which Gene is associated with oropharynx cancer and nephrotic syndrome. Given list is:  FER, HLA-DQB1,  FTO, SLC2A9,  RAD51B",DOID:8557,DOID:1184
129,"('oropharynx cancer', 'rheumatic heart disease')",HLA-DQB1,"DENND1A, VRK2, CACNA1A, TERT",oropharynx cancer,rheumatic heart disease,"DENND1A, HLA-DQB1,  VRK2,  TERT,  CACNA1A","Out of the given list, which Gene is associated with oropharynx cancer and rheumatic heart disease. Given list is: DENND1A, HLA-DQB1,  VRK2,  TERT,  CACNA1A",DOID:8557,DOID:0050827
130,"('ulcerative colitis', 'inflammatory bowel disease')",IL23R,"SAMD9L, GATA3, DNMT3A, RAD51B",ulcerative colitis,inflammatory bowel disease,"SAMD9L, IL23R,  GATA3,  DNMT3A,  RAD51B","Out of the given list, which Gene is associated with ulcerative colitis and inflammatory bowel disease. Given list is: SAMD9L, IL23R,  GATA3,  DNMT3A,  RAD51B",DOID:8577,DOID:0050589
131,"('ulcerative colitis', 'ankylosing spondylitis')",IL23R,"SNTB1, MYH7, DTNB, ALDH1A2",ulcerative colitis,ankylosing spondylitis," ALDH1A2, IL23R,  DTNB, SNTB1,  MYH7","Out of the given list, which Gene is associated with ulcerative colitis and ankylosing spondylitis. Given list is:  ALDH1A2, IL23R,  DTNB, SNTB1,  MYH7",DOID:8577,DOID:7147
132,"('ulcerative colitis', ""Crohn's disease"")",IL23R,"ZFHX3, EML4, OPTN, STN1",ulcerative colitis,Crohn's disease,"ZFHX3,  OPTN,  EML4, IL23R,  STN1","Out of the given list, which Gene is associated with ulcerative colitis and Crohn's disease. Given list is: ZFHX3,  OPTN,  EML4, IL23R,  STN1",DOID:8577,DOID:8778
133,"('nephrotic syndrome', 'autoimmune hepatitis')",HLA-DQB1,"SLC2A9, TNIP1, CSNK2B, CACNA1C",nephrotic syndrome,autoimmune hepatitis," TNIP1,  CACNA1C, SLC2A9, HLA-DQB1,  CSNK2B","Out of the given list, which Gene is associated with nephrotic syndrome and autoimmune hepatitis. Given list is:  TNIP1,  CACNA1C, SLC2A9, HLA-DQB1,  CSNK2B",DOID:1184,DOID:2048
134,"('nephrotic syndrome', 'oral cavity cancer')",HLA-DQB1,"PLG, SLC14A2, AHR, CRTC1",nephrotic syndrome,oral cavity cancer," CRTC1, PLG,  AHR,  SLC14A2, HLA-DQB1","Out of the given list, which Gene is associated with nephrotic syndrome and oral cavity cancer. Given list is:  CRTC1, PLG,  AHR,  SLC14A2, HLA-DQB1",DOID:1184,DOID:8618
135,"('nephrotic syndrome', 'oropharynx cancer')",HLA-DQB1,"VAV3, PRKAG2, PNPLA3, SYT14",nephrotic syndrome,oropharynx cancer," PRKAG2,  SYT14, VAV3, HLA-DQB1,  PNPLA3","Out of the given list, which Gene is associated with nephrotic syndrome and oropharynx cancer. Given list is:  PRKAG2,  SYT14, VAV3, HLA-DQB1,  PNPLA3",DOID:1184,DOID:8557
136,"('nephrotic syndrome', 'rheumatic heart disease')",HLA-DQB1,"GSDMB, KALRN, CRTC1, SNTB1",nephrotic syndrome,rheumatic heart disease,"GSDMB,  KALRN,  SNTB1, HLA-DQB1,  CRTC1","Out of the given list, which Gene is associated with nephrotic syndrome and rheumatic heart disease. Given list is: GSDMB,  KALRN,  SNTB1, HLA-DQB1,  CRTC1",DOID:1184,DOID:0050827
137,"('myositis', 'rheumatoid arthritis')",PTPN22,"RORA, HLA-B, TERT, C9",myositis,rheumatoid arthritis," C9, RORA,  TERT,  HLA-B, PTPN22","Out of the given list, which Gene is associated with myositis and rheumatoid arthritis. Given list is:  C9, RORA,  TERT,  HLA-B, PTPN22",DOID:633,DOID:7148
138,"('myositis', 'systemic scleroderma')",STAT4,"DMRT1, BTNL2, CLPTM1L, SLC2A9",myositis,systemic scleroderma," BTNL2, DMRT1, STAT4,  CLPTM1L,  SLC2A9","Out of the given list, which Gene is associated with myositis and systemic scleroderma. Given list is:  BTNL2, DMRT1, STAT4,  CLPTM1L,  SLC2A9",DOID:633,DOID:418
139,"('myositis', ""Sjogren's syndrome"")",STAT4,"ACOXL, MORC4, FTO, TNXB",myositis,Sjogren's syndrome,"STAT4,  FTO, ACOXL,  MORC4,  TNXB","Out of the given list, which Gene is associated with myositis and Sjogren's syndrome. Given list is: STAT4,  FTO, ACOXL,  MORC4,  TNXB",DOID:633,DOID:12894
140,"('intracranial aneurysm', 'dengue hemorrhagic fever')",RP1,"IGF1R, DLEU7, ATG5, BABAM1",intracranial aneurysm,dengue hemorrhagic fever,"RP1, IGF1R,  BABAM1,  DLEU7,  ATG5","Out of the given list, which Gene is associated with intracranial aneurysm and dengue hemorrhagic fever. Given list is: RP1, IGF1R,  BABAM1,  DLEU7,  ATG5",DOID:10941,DOID:12206
141,"('squamous cell carcinoma', 'estrogen-receptor negative breast cancer')",BRCA2,"UCK2, PNPLA3, RAD51B, RBFOX1",squamous cell carcinoma,estrogen-receptor negative breast cancer,"BRCA2,  RBFOX1, UCK2,  PNPLA3,  RAD51B","Out of the given list, which Gene is associated with squamous cell carcinoma and estrogen-receptor negative breast cancer. Given list is: BRCA2,  RBFOX1, UCK2,  PNPLA3,  RAD51B",DOID:1749,DOID:0060076
142,"('squamous cell carcinoma', 'lung squamous cell carcinoma')",BRCA2,"ALDH1A2, IL6, BTBD9, ARMS2",squamous cell carcinoma,lung squamous cell carcinoma," ARMS2, BRCA2,  BTBD9,  IL6, ALDH1A2","Out of the given list, which Gene is associated with squamous cell carcinoma and lung squamous cell carcinoma. Given list is:  ARMS2, BRCA2,  BTBD9,  IL6, ALDH1A2",DOID:1749,DOID:3907
143,"('androgenic alopecia', 'mature B-cell neoplasm')",SLC14A2,"HLA-B, PHGDH, TM6SF2, TTLL5",androgenic alopecia,mature B-cell neoplasm," TM6SF2, HLA-B, SLC14A2,  PHGDH,  TTLL5","Out of the given list, which Gene is associated with androgenic alopecia and mature B-cell neoplasm. Given list is:  TM6SF2, HLA-B, SLC14A2,  PHGDH,  TTLL5",DOID:0050801,DOID:706
144,"('androgenic alopecia', 'cocaine dependence')",SLC14A2,"GSDMB, PRKACB, ATXN2, PNPLA3",androgenic alopecia,cocaine dependence,"GSDMB, SLC14A2,  ATXN2,  PNPLA3,  PRKACB","Out of the given list, which Gene is associated with androgenic alopecia and cocaine dependence. Given list is: GSDMB, SLC14A2,  ATXN2,  PNPLA3,  PRKACB",DOID:0050801,DOID:9975
145,"('sclerosing cholangitis', 'endometrial cancer')",ATXN2,"PLA2G6, RP1, FADS2, VRK2",sclerosing cholangitis,endometrial cancer," FADS2,  RP1, ATXN2,  VRK2, PLA2G6","Out of the given list, which Gene is associated with sclerosing cholangitis and endometrial cancer. Given list is:  FADS2,  RP1, ATXN2,  VRK2, PLA2G6",DOID:14268,DOID:1380
146,"('cocaine dependence', 'mature B-cell neoplasm')",SLC14A2,"ERAP1, TP63, CHST11, GSDMB",cocaine dependence,mature B-cell neoplasm," CHST11,  GSDMB, ERAP1,  TP63, SLC14A2","Out of the given list, which Gene is associated with cocaine dependence and mature B-cell neoplasm. Given list is:  CHST11,  GSDMB, ERAP1,  TP63, SLC14A2",DOID:9975,DOID:706
147,"('cocaine dependence', 'androgenic alopecia')",SLC14A2,"NEURL1, ADGRV1, ATG5, HLA-DPB1",cocaine dependence,androgenic alopecia," ATG5,  ADGRV1, NEURL1, SLC14A2,  HLA-DPB1","Out of the given list, which Gene is associated with cocaine dependence and androgenic alopecia. Given list is:  ATG5,  ADGRV1, NEURL1, SLC14A2,  HLA-DPB1",DOID:9975,DOID:0050801
148,"('epilepsy', 'focal epilepsy')",SCN1A,"HAAO, NEURL1, MYBPC3, CLDN14",epilepsy,focal epilepsy," NEURL1, SCN1A, HAAO,  CLDN14,  MYBPC3","Out of the given list, which Gene is associated with epilepsy and focal epilepsy. Given list is:  NEURL1, SCN1A, HAAO,  CLDN14,  MYBPC3",DOID:1826,DOID:2234
149,"('myeloproliferative neoplasm', 'interstitial lung disease')",TERT,"UCK2, CLDN14, STAT3, LRMDA",myeloproliferative neoplasm,interstitial lung disease," LRMDA, TERT,  CLDN14, UCK2,  STAT3","Out of the given list, which Gene is associated with myeloproliferative neoplasm and interstitial lung disease. Given list is:  LRMDA, TERT,  CLDN14, UCK2,  STAT3",DOID:2226,DOID:3082
150,"('myeloproliferative neoplasm', 'triple-receptor negative breast cancer')",TERT,"SCN1A, TGM2, COL22A1, ABO",myeloproliferative neoplasm,triple-receptor negative breast cancer," ABO, SCN1A, TERT,  TGM2,  COL22A1","Out of the given list, which Gene is associated with myeloproliferative neoplasm and triple-receptor negative breast cancer. Given list is:  ABO, SCN1A, TERT,  TGM2,  COL22A1",DOID:2226,DOID:0060081
151,"('myeloproliferative neoplasm', 'idiopathic pulmonary fibrosis')",TERT,"PTK2B, FBN1, DLEU7, IL2RA",myeloproliferative neoplasm,idiopathic pulmonary fibrosis," FBN1, TERT,  DLEU7,  IL2RA, PTK2B","Out of the given list, which Gene is associated with myeloproliferative neoplasm and idiopathic pulmonary fibrosis. Given list is:  FBN1, TERT,  DLEU7,  IL2RA, PTK2B",DOID:2226,DOID:0050156
152,"('myeloproliferative neoplasm', 'central nervous system cancer')",TERT,"WNT4, ADH1B, VAV3, GATA3",myeloproliferative neoplasm,central nervous system cancer,"WNT4, TERT,  VAV3,  ADH1B,  GATA3","Out of the given list, which Gene is associated with myeloproliferative neoplasm and central nervous system cancer. Given list is: WNT4, TERT,  VAV3,  ADH1B,  GATA3",DOID:2226,DOID:3620
153,"('myeloproliferative neoplasm', 'estrogen-receptor negative breast cancer')",TERT,"BTBD9, MYH7, STAT4, ERAP1",myeloproliferative neoplasm,estrogen-receptor negative breast cancer," STAT4,  MYH7, BTBD9,  ERAP1, TERT","Out of the given list, which Gene is associated with myeloproliferative neoplasm and estrogen-receptor negative breast cancer. Given list is:  STAT4,  MYH7, BTBD9,  ERAP1, TERT",DOID:2226,DOID:0060076
154,"('myeloproliferative neoplasm', 'lung adenocarcinoma')",TERT,"HLA-DQB1, STAT6, SLC17A4, PRX",myeloproliferative neoplasm,lung adenocarcinoma," SLC17A4,  STAT6, HLA-DQB1, TERT,  PRX","Out of the given list, which Gene is associated with myeloproliferative neoplasm and lung adenocarcinoma. Given list is:  SLC17A4,  STAT6, HLA-DQB1, TERT,  PRX",DOID:2226,DOID:3910
155,"('myeloproliferative neoplasm', 'lung carcinoma')",TERT,"DMRT1, LPP, TENM2, UCK2",myeloproliferative neoplasm,lung carcinoma," LPP,  TENM2, DMRT1, TERT,  UCK2","Out of the given list, which Gene is associated with myeloproliferative neoplasm and lung carcinoma. Given list is:  LPP,  TENM2, DMRT1, TERT,  UCK2",DOID:2226,DOID:3905
156,"('rheumatic heart disease', 'autoimmune hepatitis')",HLA-DQB1,"ALDH1A2, TTLL5, SPRED2, TLR1",rheumatic heart disease,autoimmune hepatitis," SPRED2,  TTLL5,  TLR1, ALDH1A2, HLA-DQB1","Out of the given list, which Gene is associated with rheumatic heart disease and autoimmune hepatitis. Given list is:  SPRED2,  TTLL5,  TLR1, ALDH1A2, HLA-DQB1",DOID:0050827,DOID:2048
157,"('rheumatic heart disease', 'oral cavity cancer')",HLA-DQB1,"IL23R, TM6SF2, SYT14, BTC",rheumatic heart disease,oral cavity cancer,"HLA-DQB1, IL23R,  TM6SF2,  BTC,  SYT14","Out of the given list, which Gene is associated with rheumatic heart disease and oral cavity cancer. Given list is: HLA-DQB1, IL23R,  TM6SF2,  BTC,  SYT14",DOID:0050827,DOID:8618
158,"('rheumatic heart disease', 'oropharynx cancer')",HLA-DQB1,"IL23R, PLA2G6, FAM13A, ADH1B",rheumatic heart disease,oropharynx cancer," PLA2G6, HLA-DQB1, IL23R,  FAM13A,  ADH1B","Out of the given list, which Gene is associated with rheumatic heart disease and oropharynx cancer. Given list is:  PLA2G6, HLA-DQB1, IL23R,  FAM13A,  ADH1B",DOID:0050827,DOID:8557
159,"('rheumatic heart disease', 'nephrotic syndrome')",HLA-DQB1,"PTK2B, CACNA1D, TFAP2B, STAT4",rheumatic heart disease,nephrotic syndrome," CACNA1D,  TFAP2B,  STAT4, HLA-DQB1, PTK2B","Out of the given list, which Gene is associated with rheumatic heart disease and nephrotic syndrome. Given list is:  CACNA1D,  TFAP2B,  STAT4, HLA-DQB1, PTK2B",DOID:0050827,DOID:1184
160,"('atrophic gastritis', 'duodenal ulcer')",PSCA,"CDK8, ATP2B1, CACNA1A, HOXD3",atrophic gastritis,duodenal ulcer," HOXD3,  ATP2B1, PSCA, CDK8,  CACNA1A","Out of the given list, which Gene is associated with atrophic gastritis and duodenal ulcer. Given list is:  HOXD3,  ATP2B1, PSCA, CDK8,  CACNA1A",DOID:8929,DOID:1724
161,"('atrophic gastritis', 'gastric fundus cancer')",PSCA,"EYA2, PSCA, CDKAL1, KAT2B",atrophic gastritis,gastric fundus cancer,"EYA2,  CDKAL1,  KAT2B,  PSCA, PSCA","Out of the given list, which Gene is associated with atrophic gastritis and gastric fundus cancer. Given list is: EYA2,  CDKAL1,  KAT2B,  PSCA, PSCA",DOID:8929,DOID:10538
162,"('wheat allergy', 'dengue hemorrhagic fever')",RBFOX1,"DLEU7, DMRT1, NEURL1, ADGRG6",wheat allergy,dengue hemorrhagic fever," NEURL1, DLEU7,  DMRT1,  ADGRG6, RBFOX1","Out of the given list, which Gene is associated with wheat allergy and dengue hemorrhagic fever. Given list is:  NEURL1, DLEU7,  DMRT1,  ADGRG6, RBFOX1",DOID:3660,DOID:12206
163,"('pulmonary hypertension', 'dermatomyositis')",HLA-DPA1,"AHR, C5, HLA-DQA1, CLPTM1L",pulmonary hypertension,dermatomyositis," CLPTM1L,  C5, HLA-DPA1, AHR,  HLA-DQA1","Out of the given list, which Gene is associated with pulmonary hypertension and dermatomyositis. Given list is:  CLPTM1L,  C5, HLA-DPA1, AHR,  HLA-DQA1",DOID:6432,DOID:10223
164,"('cutaneous lupus erythematosus', 'membranous glomerulonephritis')",HLA-DQA1,"ZEB2, HNF1B, JAK2, IL6",cutaneous lupus erythematosus,membranous glomerulonephritis," JAK2,  IL6, HLA-DQA1,  HNF1B, ZEB2","Out of the given list, which Gene is associated with cutaneous lupus erythematosus and membranous glomerulonephritis. Given list is:  JAK2,  IL6, HLA-DQA1,  HNF1B, ZEB2",DOID:0050169,DOID:10976
165,"('cutaneous lupus erythematosus', 'autoimmune hepatitis')",HLA-DQA1,"IL6, FGFR2, HLA-DQB1, TERT",cutaneous lupus erythematosus,autoimmune hepatitis," FGFR2,  TERT, HLA-DQA1, IL6,  HLA-DQB1","Out of the given list, which Gene is associated with cutaneous lupus erythematosus and autoimmune hepatitis. Given list is:  FGFR2,  TERT, HLA-DQA1, IL6,  HLA-DQB1",DOID:0050169,DOID:2048
166,"('cutaneous lupus erythematosus', 'immunoglobulin alpha deficiency')",HLA-DQA1,"DTNB, TNXB, FAM13A, IL10",cutaneous lupus erythematosus,immunoglobulin alpha deficiency,"DTNB,  IL10,  TNXB,  FAM13A, HLA-DQA1","Out of the given list, which Gene is associated with cutaneous lupus erythematosus and immunoglobulin alpha deficiency. Given list is: DTNB,  IL10,  TNXB,  FAM13A, HLA-DQA1",DOID:0050169,DOID:0060025
167,"('cutaneous lupus erythematosus', 'collagenous colitis')",HLA-DQA1,"THADA, MUC5B, BRCA2, DLEU7",cutaneous lupus erythematosus,collagenous colitis," MUC5B,  DLEU7,  BRCA2, HLA-DQA1, THADA","Out of the given list, which Gene is associated with cutaneous lupus erythematosus and collagenous colitis. Given list is:  MUC5B,  DLEU7,  BRCA2, HLA-DQA1, THADA",DOID:0050169,DOID:0060183
168,"('cutaneous lupus erythematosus', 'cervix carcinoma')",HLA-DQA1,"PRX, RAD51B, HIP1, CDK8",cutaneous lupus erythematosus,cervix carcinoma,"PRX,  CDK8,  HIP1, HLA-DQA1,  RAD51B","Out of the given list, which Gene is associated with cutaneous lupus erythematosus and cervix carcinoma. Given list is: PRX,  CDK8,  HIP1, HLA-DQA1,  RAD51B",DOID:0050169,DOID:2893
169,"('systemic scleroderma', 'myositis')",STAT4,"HLA-DQA1, UGT1A9, TNRC6B, HLA-DPB1",systemic scleroderma,myositis," HLA-DPB1, STAT4,  UGT1A9, HLA-DQA1,  TNRC6B","Out of the given list, which Gene is associated with systemic scleroderma and myositis. Given list is:  HLA-DPB1, STAT4,  UGT1A9, HLA-DQA1,  TNRC6B",DOID:418,DOID:633
170,"('systemic scleroderma', ""Sjogren's syndrome"")",STAT4,"SLC14A2, COL22A1, TDP2, KITLG",systemic scleroderma,Sjogren's syndrome," KITLG, STAT4, SLC14A2,  COL22A1,  TDP2","Out of the given list, which Gene is associated with systemic scleroderma and Sjogren's syndrome. Given list is:  KITLG, STAT4, SLC14A2,  COL22A1,  TDP2",DOID:418,DOID:12894
171,"('childhood type dermatomyositis', 'dermatomyositis')",GSDMB,"FTO, PLA2G6, BRCA2, ATP2B1",childhood type dermatomyositis,dermatomyositis,"FTO,  PLA2G6,  ATP2B1, GSDMB,  BRCA2","Out of the given list, which Gene is associated with childhood type dermatomyositis and dermatomyositis. Given list is: FTO,  PLA2G6,  ATP2B1, GSDMB,  BRCA2",DOID:14203,DOID:10223
172,"('central nervous system cancer', 'interstitial lung disease')",TERT,"LRMDA, TENM2, CCDC33, ADGRV1",central nervous system cancer,interstitial lung disease," ADGRV1,  TENM2, TERT, LRMDA,  CCDC33","Out of the given list, which Gene is associated with central nervous system cancer and interstitial lung disease. Given list is:  ADGRV1,  TENM2, TERT, LRMDA,  CCDC33",DOID:3620,DOID:3082
173,"('central nervous system cancer', 'triple-receptor negative breast cancer')",TERT,"CACNA2D1, SLC17A4, KITLG, CAPN14",central nervous system cancer,triple-receptor negative breast cancer," SLC17A4,  KITLG,  CAPN14, CACNA2D1, TERT","Out of the given list, which Gene is associated with central nervous system cancer and triple-receptor negative breast cancer. Given list is:  SLC17A4,  KITLG,  CAPN14, CACNA2D1, TERT",DOID:3620,DOID:0060081
174,"('central nervous system cancer', 'idiopathic pulmonary fibrosis')",TERT,"GRAMD1B, DMRT1, GTF2I, MORC4",central nervous system cancer,idiopathic pulmonary fibrosis,"TERT,  MORC4,  DMRT1, GRAMD1B,  GTF2I","Out of the given list, which Gene is associated with central nervous system cancer and idiopathic pulmonary fibrosis. Given list is: TERT,  MORC4,  DMRT1, GRAMD1B,  GTF2I",DOID:3620,DOID:0050156
175,"('central nervous system cancer', 'myeloproliferative neoplasm')",TERT,"HLA-DQB1, NOD2, SFRP4, SAMM50",central nervous system cancer,myeloproliferative neoplasm,"TERT,  NOD2, HLA-DQB1,  SAMM50,  SFRP4","Out of the given list, which Gene is associated with central nervous system cancer and myeloproliferative neoplasm. Given list is: TERT,  NOD2, HLA-DQB1,  SAMM50,  SFRP4",DOID:3620,DOID:2226
176,"('central nervous system cancer', 'estrogen-receptor negative breast cancer')",TERT,"PHACTR1, DTNB, BABAM1, ABO",central nervous system cancer,estrogen-receptor negative breast cancer," BABAM1,  ABO, TERT, PHACTR1,  DTNB","Out of the given list, which Gene is associated with central nervous system cancer and estrogen-receptor negative breast cancer. Given list is:  BABAM1,  ABO, TERT, PHACTR1,  DTNB",DOID:3620,DOID:0060076
177,"('central nervous system cancer', 'lung adenocarcinoma')",TERT,"BRCA2, HLA-DPA1, ADGRG6, CDKAL1",central nervous system cancer,lung adenocarcinoma," ADGRG6,  CDKAL1, TERT,  HLA-DPA1, BRCA2","Out of the given list, which Gene is associated with central nervous system cancer and lung adenocarcinoma. Given list is:  ADGRG6,  CDKAL1, TERT,  HLA-DPA1, BRCA2",DOID:3620,DOID:3910
178,"('central nervous system cancer', 'lung carcinoma')",TERT,"MYBPC3, BTN2A1, STAT4, GCKR",central nervous system cancer,lung carcinoma,"MYBPC3,  GCKR,  STAT4, TERT,  BTN2A1","Out of the given list, which Gene is associated with central nervous system cancer and lung carcinoma. Given list is: MYBPC3,  GCKR,  STAT4, TERT,  BTN2A1",DOID:3620,DOID:3905
179,"('opiate dependence', 'lung small cell carcinoma')",ADGRV1,"IL23R, HLA-DQB2, RBFOX1, DLEU7",opiate dependence,lung small cell carcinoma,"IL23R,  HLA-DQB2, ADGRV1,  DLEU7,  RBFOX1","Out of the given list, which Gene is associated with opiate dependence and lung small cell carcinoma. Given list is: IL23R,  HLA-DQB2, ADGRV1,  DLEU7,  RBFOX1",DOID:2559,DOID:5409
180,"('opiate dependence', 'cervix carcinoma')",ADGRV1,"THADA, AHR, CASZ1, SCN1A",opiate dependence,cervix carcinoma," SCN1A, ADGRV1,  AHR, THADA,  CASZ1","Out of the given list, which Gene is associated with opiate dependence and cervix carcinoma. Given list is:  SCN1A, ADGRV1,  AHR, THADA,  CASZ1",DOID:2559,DOID:2893
181,"('estrogen-receptor negative breast cancer', 'interstitial lung disease')",TERT,"ABO, PTPN22, PSCA, FAM227B",estrogen-receptor negative breast cancer,interstitial lung disease," FAM227B,  PTPN22,  PSCA, ABO, TERT","Out of the given list, which Gene is associated with estrogen-receptor negative breast cancer and interstitial lung disease. Given list is:  FAM227B,  PTPN22,  PSCA, ABO, TERT",DOID:0060076,DOID:3082
182,"('estrogen-receptor negative breast cancer', 'triple-receptor negative breast cancer')",TERT,"TRAF3IP2, HOXD3, ATP2B1, HBB",estrogen-receptor negative breast cancer,triple-receptor negative breast cancer,"TRAF3IP2,  HBB, TERT,  HOXD3,  ATP2B1","Out of the given list, which Gene is associated with estrogen-receptor negative breast cancer and triple-receptor negative breast cancer. Given list is: TRAF3IP2,  HBB, TERT,  HOXD3,  ATP2B1",DOID:0060076,DOID:0060081
183,"('estrogen-receptor negative breast cancer', 'idiopathic pulmonary fibrosis')",TERT,"PHGDH, SFRP4, IL23R, BTBD9",estrogen-receptor negative breast cancer,idiopathic pulmonary fibrosis," IL23R,  BTBD9,  SFRP4, PHGDH, TERT","Out of the given list, which Gene is associated with estrogen-receptor negative breast cancer and idiopathic pulmonary fibrosis. Given list is:  IL23R,  BTBD9,  SFRP4, PHGDH, TERT",DOID:0060076,DOID:0050156
184,"('estrogen-receptor negative breast cancer', 'squamous cell carcinoma')",BRCA2,"CLDN14, MTTP, HLA-DPB1, HLA-DQB1",estrogen-receptor negative breast cancer,squamous cell carcinoma,"BRCA2, CLDN14,  HLA-DPB1,  HLA-DQB1,  MTTP","Out of the given list, which Gene is associated with estrogen-receptor negative breast cancer and squamous cell carcinoma. Given list is: BRCA2, CLDN14,  HLA-DPB1,  HLA-DQB1,  MTTP",DOID:0060076,DOID:1749
185,"('estrogen-receptor negative breast cancer', 'myeloproliferative neoplasm')",TERT,"GNE, HLA-DQB2, BRCA2, STAT3",estrogen-receptor negative breast cancer,myeloproliferative neoplasm,"TERT,  HLA-DQB2,  BRCA2, GNE,  STAT3","Out of the given list, which Gene is associated with estrogen-receptor negative breast cancer and myeloproliferative neoplasm. Given list is: TERT,  HLA-DQB2,  BRCA2, GNE,  STAT3",DOID:0060076,DOID:2226
186,"('estrogen-receptor negative breast cancer', 'central nervous system cancer')",TERT,"COL22A1, CACNA1D, FER, TNFSF15",estrogen-receptor negative breast cancer,central nervous system cancer," FER,  CACNA1D, COL22A1,  TNFSF15, TERT","Out of the given list, which Gene is associated with estrogen-receptor negative breast cancer and central nervous system cancer. Given list is:  FER,  CACNA1D, COL22A1,  TNFSF15, TERT",DOID:0060076,DOID:3620
187,"('estrogen-receptor negative breast cancer', 'lung adenocarcinoma')",TERT,"SAMD9L, DAB2IP, IL23R, PTPRD",estrogen-receptor negative breast cancer,lung adenocarcinoma,"SAMD9L,  PTPRD,  DAB2IP,  IL23R, TERT","Out of the given list, which Gene is associated with estrogen-receptor negative breast cancer and lung adenocarcinoma. Given list is: SAMD9L,  PTPRD,  DAB2IP,  IL23R, TERT",DOID:0060076,DOID:3910
188,"('estrogen-receptor negative breast cancer', 'lung squamous cell carcinoma')",BRCA2,"SULT1B1, SPRED2, CCDC33, CHST11",estrogen-receptor negative breast cancer,lung squamous cell carcinoma,"BRCA2, SULT1B1,  SPRED2,  CHST11,  CCDC33","Out of the given list, which Gene is associated with estrogen-receptor negative breast cancer and lung squamous cell carcinoma. Given list is: BRCA2, SULT1B1,  SPRED2,  CHST11,  CCDC33",DOID:0060076,DOID:3907
189,"('estrogen-receptor negative breast cancer', 'lung carcinoma')",TERT,"PLA2G6, TP53, ABCG2, GATA3",estrogen-receptor negative breast cancer,lung carcinoma," ABCG2,  GATA3,  TP53, TERT, PLA2G6","Out of the given list, which Gene is associated with estrogen-receptor negative breast cancer and lung carcinoma. Given list is:  ABCG2,  GATA3,  TP53, TERT, PLA2G6",DOID:0060076,DOID:3905
190,"('dermatomyositis', 'pulmonary hypertension')",HLA-DPA1,"TG, PNPLA3, ZFPM2, UMOD",dermatomyositis,pulmonary hypertension,"TG, HLA-DPA1,  PNPLA3,  ZFPM2,  UMOD","Out of the given list, which Gene is associated with dermatomyositis and pulmonary hypertension. Given list is: TG, HLA-DPA1,  PNPLA3,  ZFPM2,  UMOD",DOID:10223,DOID:6432
191,"('dermatomyositis', 'childhood type dermatomyositis')",GSDMB,"HLA-B, POU5F1B, ADH1B, HLA-DQA1",dermatomyositis,childhood type dermatomyositis,"GSDMB,  HLA-DQA1,  ADH1B,  POU5F1B, HLA-B","Out of the given list, which Gene is associated with dermatomyositis and childhood type dermatomyositis. Given list is: GSDMB,  HLA-DQA1,  ADH1B,  POU5F1B, HLA-B",DOID:10223,DOID:14203
192,"('esophagus adenocarcinoma', ""Barrett's esophagus"")",CRTC1,"HLA-DQB2, PNPLA3, TERT, EPDR1",esophagus adenocarcinoma,Barrett's esophagus," TERT, HLA-DQB2,  EPDR1,  PNPLA3, CRTC1","Out of the given list, which Gene is associated with esophagus adenocarcinoma and Barrett's esophagus. Given list is:  TERT, HLA-DQB2,  EPDR1,  PNPLA3, CRTC1",DOID:4914,DOID:9206
193,"('kidney disease', 'age related macular degeneration')",CFH,"ADH1B, MUC5B, DAB2IP, BTN2A1",kidney disease,age related macular degeneration,"CFH,  MUC5B,  DAB2IP,  BTN2A1, ADH1B","Out of the given list, which Gene is associated with kidney disease and age related macular degeneration. Given list is: CFH,  MUC5B,  DAB2IP,  BTN2A1, ADH1B",DOID:557,DOID:10871
194,"('kidney disease', 'Kuhnt-Junius degeneration')",CFH,"GATA3, HLA-DQB2, TNNT2, DNMT3A",kidney disease,Kuhnt-Junius degeneration,"CFH,  HLA-DQB2,  DNMT3A,  TNNT2, GATA3","Out of the given list, which Gene is associated with kidney disease and Kuhnt-Junius degeneration. Given list is: CFH,  HLA-DQB2,  DNMT3A,  TNNT2, GATA3",DOID:557,DOID:10873
195,"('anterior uveitis', 'ankylosing spondylitis')",ERAP1,"TNFSF15, UGT1A8, HBB, SYT14",anterior uveitis,ankylosing spondylitis," SYT14, TNFSF15,  UGT1A8,  HBB, ERAP1","Out of the given list, which Gene is associated with anterior uveitis and ankylosing spondylitis. Given list is:  SYT14, TNFSF15,  UGT1A8,  HBB, ERAP1",DOID:1407,DOID:7147
196,"('dilated cardiomyopathy', 'hypertrophic cardiomyopathy')",MYH7,"HLA-B, HLA-DQA1, IL23R, TLR1",dilated cardiomyopathy,hypertrophic cardiomyopathy," TLR1,  IL23R, HLA-B, MYH7,  HLA-DQA1","Out of the given list, which Gene is associated with dilated cardiomyopathy and hypertrophic cardiomyopathy. Given list is:  TLR1,  IL23R, HLA-B, MYH7,  HLA-DQA1",DOID:12930,DOID:11984
197,"('pancreatic carcinoma', 'malaria')",ABO,"KAT2B, ATXN2, CACNA1S, HLA-DQA1",pancreatic carcinoma,malaria," HLA-DQA1,  CACNA1S, KAT2B, ABO,  ATXN2","Out of the given list, which Gene is associated with pancreatic carcinoma and malaria. Given list is:  HLA-DQA1,  CACNA1S, KAT2B, ABO,  ATXN2",DOID:4905,DOID:12365
198,"('pancreatic carcinoma', 'oral cavity cancer')",CLPTM1L,"CRTC1, COL22A1, CHST11, GCKR",pancreatic carcinoma,oral cavity cancer," GCKR, CLPTM1L,  CHST11, CRTC1,  COL22A1","Out of the given list, which Gene is associated with pancreatic carcinoma and oral cavity cancer. Given list is:  GCKR, CLPTM1L,  CHST11, CRTC1,  COL22A1",DOID:4905,DOID:8618
199,"('pancreatic carcinoma', 'duodenal ulcer')",ABO,"CACNB2, CDK8, CRTC1, PSCA",pancreatic carcinoma,duodenal ulcer,"ABO,  CRTC1, CACNB2,  PSCA,  CDK8","Out of the given list, which Gene is associated with pancreatic carcinoma and duodenal ulcer. Given list is: ABO,  CRTC1, CACNB2,  PSCA,  CDK8",DOID:4905,DOID:1724
200,"('cervix carcinoma', 'membranous glomerulonephritis')",HLA-DQA1,"CAPN14, TNIP1, WNT4, DTNB",cervix carcinoma,membranous glomerulonephritis,"HLA-DQA1,  WNT4,  TNIP1, CAPN14,  DTNB","Out of the given list, which Gene is associated with cervix carcinoma and membranous glomerulonephritis. Given list is: HLA-DQA1,  WNT4,  TNIP1, CAPN14,  DTNB",DOID:2893,DOID:10976
201,"('cervix carcinoma', 'lung small cell carcinoma')",ADGRV1,"BTN2A1, SYT14, VAV3, TLR1",cervix carcinoma,lung small cell carcinoma," TLR1,  SYT14,  VAV3, BTN2A1, ADGRV1","Out of the given list, which Gene is associated with cervix carcinoma and lung small cell carcinoma. Given list is:  TLR1,  SYT14,  VAV3, BTN2A1, ADGRV1",DOID:2893,DOID:5409
202,"('cervix carcinoma', 'autoimmune hepatitis')",HLA-DQA1,"CHST11, FAT3, ERAP1, IL6",cervix carcinoma,autoimmune hepatitis,"CHST11,  FAT3,  IL6,  ERAP1, HLA-DQA1","Out of the given list, which Gene is associated with cervix carcinoma and autoimmune hepatitis. Given list is: CHST11,  FAT3,  IL6,  ERAP1, HLA-DQA1",DOID:2893,DOID:2048
203,"('cervix carcinoma', 'immunoglobulin alpha deficiency')",HLA-DQA1,"SAMD9L, PRKN, CDK8, CFH",cervix carcinoma,immunoglobulin alpha deficiency,"SAMD9L,  CDK8, HLA-DQA1,  CFH,  PRKN","Out of the given list, which Gene is associated with cervix carcinoma and immunoglobulin alpha deficiency. Given list is: SAMD9L,  CDK8, HLA-DQA1,  CFH,  PRKN",DOID:2893,DOID:0060025
204,"('cervix carcinoma', 'collagenous colitis')",HLA-DQA1,"FAM227B, HLA-B, PNPLA3, CDKAL1",cervix carcinoma,collagenous colitis,"FAM227B,  HLA-B, HLA-DQA1,  CDKAL1,  PNPLA3","Out of the given list, which Gene is associated with cervix carcinoma and collagenous colitis. Given list is: FAM227B,  HLA-B, HLA-DQA1,  CDKAL1,  PNPLA3",DOID:2893,DOID:0060183
205,"('cervix carcinoma', 'cutaneous lupus erythematosus')",HLA-DQA1,"HLA-DPA1, VAV3, RBFOX1, PRKN",cervix carcinoma,cutaneous lupus erythematosus," PRKN, HLA-DPA1,  VAV3,  RBFOX1, HLA-DQA1","Out of the given list, which Gene is associated with cervix carcinoma and cutaneous lupus erythematosus. Given list is:  PRKN, HLA-DPA1,  VAV3,  RBFOX1, HLA-DQA1",DOID:2893,DOID:0050169
206,"('cervix carcinoma', 'opiate dependence')",ADGRV1,"HYKK, BRCA2, HLA-DQA1, HOXD3",cervix carcinoma,opiate dependence,"HYKK,  HOXD3,  HLA-DQA1, ADGRV1,  BRCA2","Out of the given list, which Gene is associated with cervix carcinoma and opiate dependence. Given list is: HYKK,  HOXD3,  HLA-DQA1, ADGRV1,  BRCA2",DOID:2893,DOID:2559
207,"(""Hodgkin's lymphoma, nodular sclerosis"", ""Hodgkin's lymphoma"")",GATA3,"HLA-DQB2, CFH, FADS2, TM6SF2","Hodgkin's lymphoma, nodular sclerosis",Hodgkin's lymphoma,"HLA-DQB2,  FADS2, GATA3,  TM6SF2,  CFH","Out of the given list, which Gene is associated with Hodgkin's lymphoma, nodular sclerosis and Hodgkin's lymphoma. Given list is: HLA-DQB2,  FADS2, GATA3,  TM6SF2,  CFH",DOID:8838,DOID:8567
208,"(""Sjogren's syndrome"", 'myositis')",STAT4,"TERT, TERT, HLA-DQA1, KIT",Sjogren's syndrome,myositis," HLA-DQA1,  KIT,  TERT, STAT4, TERT","Out of the given list, which Gene is associated with Sjogren's syndrome and myositis. Given list is:  HLA-DQA1,  KIT,  TERT, STAT4, TERT",DOID:12894,DOID:633
209,"(""Sjogren's syndrome"", 'systemic scleroderma')",STAT4,"JAK2, HLA-DQB1, BTN3A1, TGM2",Sjogren's syndrome,systemic scleroderma," BTN3A1,  HLA-DQB1, JAK2,  TGM2, STAT4","Out of the given list, which Gene is associated with Sjogren's syndrome and systemic scleroderma. Given list is:  BTN3A1,  HLA-DQB1, JAK2,  TGM2, STAT4",DOID:12894,DOID:418
210,"(""Crohn's disease"", 'inflammatory bowel disease')",IL23R,"TNRC18, HBB, LOXL1, RP1",Crohn's disease,inflammatory bowel disease," HBB, TNRC18, IL23R,  RP1,  LOXL1","Out of the given list, which Gene is associated with Crohn's disease and inflammatory bowel disease. Given list is:  HBB, TNRC18, IL23R,  RP1,  LOXL1",DOID:8778,DOID:0050589
211,"(""Crohn's disease"", 'ankylosing spondylitis')",IL23R,"HLA-DQA1, CHEK2, ZEB2, YLPM1",Crohn's disease,ankylosing spondylitis," YLPM1,  CHEK2,  ZEB2, HLA-DQA1, IL23R","Out of the given list, which Gene is associated with Crohn's disease and ankylosing spondylitis. Given list is:  YLPM1,  CHEK2,  ZEB2, HLA-DQA1, IL23R",DOID:8778,DOID:7147
212,"(""Crohn's disease"", 'ulcerative colitis')",IL23R,"RBFOX1, CAPN14, UMPS, LPP",Crohn's disease,ulcerative colitis," CAPN14,  LPP,  UMPS, RBFOX1, IL23R","Out of the given list, which Gene is associated with Crohn's disease and ulcerative colitis. Given list is:  CAPN14,  LPP,  UMPS, RBFOX1, IL23R",DOID:8778,DOID:8577
213,"('urticaria', 'male breast cancer')",RAD51B,"GSDMB, TENM2, TGM2, HLA-B",urticaria,male breast cancer," TGM2,  TENM2,  HLA-B, RAD51B, GSDMB","Out of the given list, which Gene is associated with urticaria and male breast cancer. Given list is:  TGM2,  TENM2,  HLA-B, RAD51B, GSDMB",DOID:1555,DOID:1614
214,"('allergic rhinitis', 'psoriasis')",HLA-B,"MYH7, MYH7, PKNOX2, ADH1B",allergic rhinitis,psoriasis," MYH7,  ADH1B, MYH7, HLA-B,  PKNOX2","Out of the given list, which Gene is associated with allergic rhinitis and psoriasis. Given list is:  MYH7,  ADH1B, MYH7, HLA-B,  PKNOX2",DOID:4481,DOID:8893
215,"('allergic rhinitis', 'limited scleroderma')",TLR1,"SNCA, EPDR1, HLA-DQB1, SHTN1",allergic rhinitis,limited scleroderma,"SNCA,  HLA-DQB1, TLR1,  EPDR1,  SHTN1","Out of the given list, which Gene is associated with allergic rhinitis and limited scleroderma. Given list is: SNCA,  HLA-DQB1, TLR1,  EPDR1,  SHTN1",DOID:4481,DOID:1577
216,"('allergic rhinitis', ""Takayasu's arteritis"")",HLA-B,"STN1, MORC4, ABO, PNPLA3",allergic rhinitis,Takayasu's arteritis," MORC4, STN1,  ABO, HLA-B,  PNPLA3","Out of the given list, which Gene is associated with allergic rhinitis and Takayasu's arteritis. Given list is:  MORC4, STN1,  ABO, HLA-B,  PNPLA3",DOID:4481,DOID:2508
217,"('allergic rhinitis', 'myelodysplastic syndrome')",HLA-B,"SHTN1, TRAF3IP2, FADS1, ATXN2",allergic rhinitis,myelodysplastic syndrome," TRAF3IP2,  FADS1, SHTN1,  ATXN2, HLA-B","Out of the given list, which Gene is associated with allergic rhinitis and myelodysplastic syndrome. Given list is:  TRAF3IP2,  FADS1, SHTN1,  ATXN2, HLA-B",DOID:4481,DOID:0050908
218,"('allergic rhinitis', 'herpes zoster')",HLA-B,"RELN, CHST11, HLA-DQB1, TP53",allergic rhinitis,herpes zoster," CHST11, HLA-B,  HLA-DQB1, RELN,  TP53","Out of the given list, which Gene is associated with allergic rhinitis and herpes zoster. Given list is:  CHST11, HLA-B,  HLA-DQB1, RELN,  TP53",DOID:4481,DOID:8536
219,"('allergic rhinitis', 'diffuse large B-cell lymphoma')",HLA-B,"ATXN2, TERT, CACNA1A, EPDR1",allergic rhinitis,diffuse large B-cell lymphoma,"HLA-B,  CACNA1A,  TERT,  EPDR1, ATXN2","Out of the given list, which Gene is associated with allergic rhinitis and diffuse large B-cell lymphoma. Given list is: HLA-B,  CACNA1A,  TERT,  EPDR1, ATXN2",DOID:4481,DOID:0050745
220,"('allergic rhinitis', 'psoriatic arthritis')",HLA-B,"FTO, FAM227B, KIF1B, RP1",allergic rhinitis,psoriatic arthritis,"HLA-B,  FAM227B,  RP1, FTO,  KIF1B","Out of the given list, which Gene is associated with allergic rhinitis and psoriatic arthritis. Given list is: HLA-B,  FAM227B,  RP1, FTO,  KIF1B",DOID:4481,DOID:9008
221,"('marginal zone lymphoma', 'diffuse large B-cell lymphoma')",KALRN,"FHOD3, RP1, AHR, PBX2",marginal zone lymphoma,diffuse large B-cell lymphoma,"FHOD3,  PBX2,  RP1, KALRN,  AHR","Out of the given list, which Gene is associated with marginal zone lymphoma and diffuse large B-cell lymphoma. Given list is: FHOD3,  PBX2,  RP1, KALRN,  AHR",DOID:0050748,DOID:0050745
222,"('diffuse large B-cell lymphoma', 'psoriasis')",HLA-B,"CLPTM1L, ADGRG6, MST1, ERAP1",diffuse large B-cell lymphoma,psoriasis," ERAP1, CLPTM1L,  ADGRG6, HLA-B,  MST1","Out of the given list, which Gene is associated with diffuse large B-cell lymphoma and psoriasis. Given list is:  ERAP1, CLPTM1L,  ADGRG6, HLA-B,  MST1",DOID:0050745,DOID:8893
223,"('diffuse large B-cell lymphoma', ""Takayasu's arteritis"")",HLA-B,"RORA, HLA-DQA1, CRTC1, GTF2I",diffuse large B-cell lymphoma,Takayasu's arteritis," GTF2I,  HLA-DQA1, HLA-B,  CRTC1, RORA","Out of the given list, which Gene is associated with diffuse large B-cell lymphoma and Takayasu's arteritis. Given list is:  GTF2I,  HLA-DQA1, HLA-B,  CRTC1, RORA",DOID:0050745,DOID:2508
224,"('diffuse large B-cell lymphoma', 'myelodysplastic syndrome')",HLA-B,"HLA-DQA1, IL23R, TERT, TNXB",diffuse large B-cell lymphoma,myelodysplastic syndrome," IL23R,  TERT, HLA-B, HLA-DQA1,  TNXB","Out of the given list, which Gene is associated with diffuse large B-cell lymphoma and myelodysplastic syndrome. Given list is:  IL23R,  TERT, HLA-B, HLA-DQA1,  TNXB",DOID:0050745,DOID:0050908
225,"('diffuse large B-cell lymphoma', 'herpes zoster')",HLA-B,"RBFOX1, HLA-DQA1, CDKAL1, SNCA",diffuse large B-cell lymphoma,herpes zoster," SNCA,  CDKAL1,  HLA-DQA1, HLA-B, RBFOX1","Out of the given list, which Gene is associated with diffuse large B-cell lymphoma and herpes zoster. Given list is:  SNCA,  CDKAL1,  HLA-DQA1, HLA-B, RBFOX1",DOID:0050745,DOID:8536
226,"('diffuse large B-cell lymphoma', 'allergic rhinitis')",HLA-B,"ZEB2, SLC14A2, IL2RA, TNFSF13",diffuse large B-cell lymphoma,allergic rhinitis," IL2RA,  SLC14A2, HLA-B,  TNFSF13, ZEB2","Out of the given list, which Gene is associated with diffuse large B-cell lymphoma and allergic rhinitis. Given list is:  IL2RA,  SLC14A2, HLA-B,  TNFSF13, ZEB2",DOID:0050745,DOID:4481
227,"('diffuse large B-cell lymphoma', 'marginal zone lymphoma')",KALRN,"VAV3, WNT10A, IL12RB2, HLA-DPA1",diffuse large B-cell lymphoma,marginal zone lymphoma," HLA-DPA1, VAV3, KALRN,  IL12RB2,  WNT10A","Out of the given list, which Gene is associated with diffuse large B-cell lymphoma and marginal zone lymphoma. Given list is:  HLA-DPA1, VAV3, KALRN,  IL12RB2,  WNT10A",DOID:0050745,DOID:0050748
228,"('diffuse large B-cell lymphoma', 'psoriatic arthritis')",HLA-B,"RORA, TLR1, ADH1B, ARMS2",diffuse large B-cell lymphoma,psoriatic arthritis," ARMS2, RORA,  TLR1,  ADH1B, HLA-B","Out of the given list, which Gene is associated with diffuse large B-cell lymphoma and psoriatic arthritis. Given list is:  ARMS2, RORA,  TLR1,  ADH1B, HLA-B",DOID:0050745,DOID:9008
229,"('lung adenocarcinoma', 'interstitial lung disease')",TERT,"FTO, SHTN1, YLPM1, IL23R",lung adenocarcinoma,interstitial lung disease,"TERT,  YLPM1, FTO,  SHTN1,  IL23R","Out of the given list, which Gene is associated with lung adenocarcinoma and interstitial lung disease. Given list is: TERT,  YLPM1, FTO,  SHTN1,  IL23R",DOID:3910,DOID:3082
230,"('lung adenocarcinoma', 'triple-receptor negative breast cancer')",TERT,"BTBD9, RP1, NTM, CASZ1",lung adenocarcinoma,triple-receptor negative breast cancer,"BTBD9,  NTM,  RP1, TERT,  CASZ1","Out of the given list, which Gene is associated with lung adenocarcinoma and triple-receptor negative breast cancer. Given list is: BTBD9,  NTM,  RP1, TERT,  CASZ1",DOID:3910,DOID:0060081
231,"('lung adenocarcinoma', 'idiopathic pulmonary fibrosis')",TERT,"PSCA, SLC14A2, SLC14A2, MTTP",lung adenocarcinoma,idiopathic pulmonary fibrosis," SLC14A2,  SLC14A2,  MTTP, PSCA, TERT","Out of the given list, which Gene is associated with lung adenocarcinoma and idiopathic pulmonary fibrosis. Given list is:  SLC14A2,  SLC14A2,  MTTP, PSCA, TERT",DOID:3910,DOID:0050156
232,"('lung adenocarcinoma', 'myeloproliferative neoplasm')",TERT,"CACNB2, TG, PRKAA1, CACNA1S",lung adenocarcinoma,myeloproliferative neoplasm," TG, CACNB2,  PRKAA1, TERT,  CACNA1S","Out of the given list, which Gene is associated with lung adenocarcinoma and myeloproliferative neoplasm. Given list is:  TG, CACNB2,  PRKAA1, TERT,  CACNA1S",DOID:3910,DOID:2226
233,"('lung adenocarcinoma', 'central nervous system cancer')",TERT,"BTNL2, STAT4, SCN1A, POU5F1B",lung adenocarcinoma,central nervous system cancer," POU5F1B,  SCN1A,  STAT4, TERT, BTNL2","Out of the given list, which Gene is associated with lung adenocarcinoma and central nervous system cancer. Given list is:  POU5F1B,  SCN1A,  STAT4, TERT, BTNL2",DOID:3910,DOID:3620
234,"('lung adenocarcinoma', 'estrogen-receptor negative breast cancer')",TERT,"JRK, IL23R, PLG, PNPLA3",lung adenocarcinoma,estrogen-receptor negative breast cancer,"JRK,  PLG,  PNPLA3, TERT,  IL23R","Out of the given list, which Gene is associated with lung adenocarcinoma and estrogen-receptor negative breast cancer. Given list is: JRK,  PLG,  PNPLA3, TERT,  IL23R",DOID:3910,DOID:0060076
235,"('lung adenocarcinoma', 'lung carcinoma')",TERT,"IL23R, JRK, SLC2A9, PHACTR1",lung adenocarcinoma,lung carcinoma,"TERT, IL23R,  PHACTR1,  SLC2A9,  JRK","Out of the given list, which Gene is associated with lung adenocarcinoma and lung carcinoma. Given list is: TERT, IL23R,  PHACTR1,  SLC2A9,  JRK",DOID:3910,DOID:3905
236,"('psoriatic arthritis', 'psoriasis')",HLA-B,"FAT3, FTO, TYR, DAB2IP",psoriatic arthritis,psoriasis,"HLA-B,  DAB2IP,  TYR,  FTO, FAT3","Out of the given list, which Gene is associated with psoriatic arthritis and psoriasis. Given list is: HLA-B,  DAB2IP,  TYR,  FTO, FAT3",DOID:9008,DOID:8893
237,"('psoriatic arthritis', ""Takayasu's arteritis"")",HLA-B,"PCDH7, SLC2A9, PHGDH, TMC7",psoriatic arthritis,Takayasu's arteritis," TMC7, HLA-B,  SLC2A9, PCDH7,  PHGDH","Out of the given list, which Gene is associated with psoriatic arthritis and Takayasu's arteritis. Given list is:  TMC7, HLA-B,  SLC2A9, PCDH7,  PHGDH",DOID:9008,DOID:2508
238,"('psoriatic arthritis', 'myelodysplastic syndrome')",HLA-B,"ARMS2, PNPLA3, SFRP4, EPDR1",psoriatic arthritis,myelodysplastic syndrome," EPDR1, HLA-B,  SFRP4,  PNPLA3, ARMS2","Out of the given list, which Gene is associated with psoriatic arthritis and myelodysplastic syndrome. Given list is:  EPDR1, HLA-B,  SFRP4,  PNPLA3, ARMS2",DOID:9008,DOID:0050908
239,"('psoriatic arthritis', 'herpes zoster')",HLA-B,"SCN1A, NTM, NANOS1, TLR1",psoriatic arthritis,herpes zoster," NANOS1,  TLR1,  NTM, HLA-B, SCN1A","Out of the given list, which Gene is associated with psoriatic arthritis and herpes zoster. Given list is:  NANOS1,  TLR1,  NTM, HLA-B, SCN1A",DOID:9008,DOID:8536
240,"('psoriatic arthritis', 'allergic rhinitis')",HLA-B,"C5AR1, TENM2, STAT4, RP1",psoriatic arthritis,allergic rhinitis," RP1,  STAT4, C5AR1,  TENM2, HLA-B","Out of the given list, which Gene is associated with psoriatic arthritis and allergic rhinitis. Given list is:  RP1,  STAT4, C5AR1,  TENM2, HLA-B",DOID:9008,DOID:4481
241,"('psoriatic arthritis', 'diffuse large B-cell lymphoma')",HLA-B,"ABCG2, PTK2B, HLA-DQB1, RP1",psoriatic arthritis,diffuse large B-cell lymphoma," HLA-DQB1, ABCG2,  PTK2B, HLA-B,  RP1","Out of the given list, which Gene is associated with psoriatic arthritis and diffuse large B-cell lymphoma. Given list is:  HLA-DQB1, ABCG2,  PTK2B, HLA-B,  RP1",DOID:9008,DOID:0050745
242,"('lung squamous cell carcinoma', 'squamous cell carcinoma')",BRCA2,"DTNB, IGF1R, XBP1, CCDC33",lung squamous cell carcinoma,squamous cell carcinoma,"DTNB, BRCA2,  CCDC33,  IGF1R,  XBP1","Out of the given list, which Gene is associated with lung squamous cell carcinoma and squamous cell carcinoma. Given list is: DTNB, BRCA2,  CCDC33,  IGF1R,  XBP1",DOID:3907,DOID:1749
243,"('lung squamous cell carcinoma', 'estrogen-receptor negative breast cancer')",BRCA2,"CACNA2D1, STAT4, ATXN2, KIF1B",lung squamous cell carcinoma,estrogen-receptor negative breast cancer," STAT4, CACNA2D1,  KIF1B,  ATXN2, BRCA2","Out of the given list, which Gene is associated with lung squamous cell carcinoma and estrogen-receptor negative breast cancer. Given list is:  STAT4, CACNA2D1,  KIF1B,  ATXN2, BRCA2",DOID:3907,DOID:0060076
244,"('lung carcinoma', 'interstitial lung disease')",TERT,"FAM227B, ALDH1A2, KALRN, ATXN2",lung carcinoma,interstitial lung disease," ATXN2, TERT, FAM227B,  ALDH1A2,  KALRN","Out of the given list, which Gene is associated with lung carcinoma and interstitial lung disease. Given list is:  ATXN2, TERT, FAM227B,  ALDH1A2,  KALRN",DOID:3905,DOID:3082
245,"('lung carcinoma', 'triple-receptor negative breast cancer')",TERT,"SLC2A9, HLA-DQA1, WNT10A, MYBPC3",lung carcinoma,triple-receptor negative breast cancer,"TERT, SLC2A9,  MYBPC3,  HLA-DQA1,  WNT10A","Out of the given list, which Gene is associated with lung carcinoma and triple-receptor negative breast cancer. Given list is: TERT, SLC2A9,  MYBPC3,  HLA-DQA1,  WNT10A",DOID:3905,DOID:0060081
246,"('lung carcinoma', 'idiopathic pulmonary fibrosis')",TERT,"LOXL1, HLA-DQB1, PRKAG2, YLPM1",lung carcinoma,idiopathic pulmonary fibrosis," PRKAG2,  YLPM1, TERT, LOXL1,  HLA-DQB1","Out of the given list, which Gene is associated with lung carcinoma and idiopathic pulmonary fibrosis. Given list is:  PRKAG2,  YLPM1, TERT, LOXL1,  HLA-DQB1",DOID:3905,DOID:0050156
247,"('lung carcinoma', 'myeloproliferative neoplasm')",TERT,"MST1, PSCA, TNRC18, OPTN",lung carcinoma,myeloproliferative neoplasm,"TERT, MST1,  OPTN,  TNRC18,  PSCA","Out of the given list, which Gene is associated with lung carcinoma and myeloproliferative neoplasm. Given list is: TERT, MST1,  OPTN,  TNRC18,  PSCA",DOID:3905,DOID:2226
248,"('lung carcinoma', 'central nervous system cancer')",TERT,"PTPN22, C9, CDKAL1, GNE",lung carcinoma,central nervous system cancer," C9,  GNE,  CDKAL1, TERT, PTPN22","Out of the given list, which Gene is associated with lung carcinoma and central nervous system cancer. Given list is:  C9,  GNE,  CDKAL1, TERT, PTPN22",DOID:3905,DOID:3620
249,"('lung carcinoma', 'estrogen-receptor negative breast cancer')",TERT,"TERT, STAT4, SAMD9L, BTNL2",lung carcinoma,estrogen-receptor negative breast cancer," SAMD9L,  BTNL2, TERT, TERT,  STAT4","Out of the given list, which Gene is associated with lung carcinoma and estrogen-receptor negative breast cancer. Given list is:  SAMD9L,  BTNL2, TERT, TERT,  STAT4",DOID:3905,DOID:0060076
250,"('lung carcinoma', 'lung adenocarcinoma')",TERT,"RBFOX1, RP1, TP53, PRKAG2",lung carcinoma,lung adenocarcinoma," RP1, RBFOX1,  TP53,  PRKAG2, TERT","Out of the given list, which Gene is associated with lung carcinoma and lung adenocarcinoma. Given list is:  RP1, RBFOX1,  TP53,  PRKAG2, TERT",DOID:3905,DOID:3910
251,"('endometrial cancer', 'sclerosing cholangitis')",ATXN2,"ADGRG6, FBN1, ATG5, STAT3",endometrial cancer,sclerosing cholangitis,"ATXN2,  FBN1,  STAT3, ADGRG6,  ATG5","Out of the given list, which Gene is associated with endometrial cancer and sclerosing cholangitis. Given list is: ATXN2,  FBN1,  STAT3, ADGRG6,  ATG5",DOID:1380,DOID:14268
252,"('uveal melanoma', 'liver cirrhosis')",CACNA2D1,"GTF2I, ADGRV1, TERT, PRX",uveal melanoma,liver cirrhosis," PRX, CACNA2D1, GTF2I,  ADGRV1,  TERT","Out of the given list, which Gene is associated with uveal melanoma and liver cirrhosis. Given list is:  PRX, CACNA2D1, GTF2I,  ADGRV1,  TERT",DOID:6039,DOID:5082
253,"('uveal melanoma', 'head and neck cancer')",CACNA2D1,"GNE, SAMM50, BARD1, USHBP1",uveal melanoma,head and neck cancer," USHBP1,  BARD1, GNE, CACNA2D1,  SAMM50","Out of the given list, which Gene is associated with uveal melanoma and head and neck cancer. Given list is:  USHBP1,  BARD1, GNE, CACNA2D1,  SAMM50",DOID:6039,DOID:11934
254,"('gastric fundus cancer', 'duodenal ulcer')",PSCA,"CDKAL1, ADH1B, EML4, GSDMB",gastric fundus cancer,duodenal ulcer," GSDMB, PSCA, CDKAL1,  EML4,  ADH1B","Out of the given list, which Gene is associated with gastric fundus cancer and duodenal ulcer. Given list is:  GSDMB, PSCA, CDKAL1,  EML4,  ADH1B",DOID:10538,DOID:1724
255,"('gastric fundus cancer', 'atrophic gastritis')",PSCA,"IL23R, ABO, PLG, RP1",gastric fundus cancer,atrophic gastritis,"PSCA,  PLG, IL23R,  ABO,  RP1","Out of the given list, which Gene is associated with gastric fundus cancer and atrophic gastritis. Given list is: PSCA,  PLG, IL23R,  ABO,  RP1",DOID:10538,DOID:8929
